[2026-08-12T04:30:37.884+0000] {processor.py:186} INFO - Started process (PID=69) to work on /home/airflow/.local/lib/python3.12/site-packages/airflow/example_dags/example_datasets.py
[2026-08-12T04:30:37.890+0000] {processor.py:914} INFO - Processing file /home/airflow/.local/lib/python3.12/site-packages/airflow/example_dags/example_datasets.py for tasks to queue
[2026-08-12T04:30:37.896+0000] {logging_mixin.py:190} INFO - [2026-08-12T04:30:37.895+0000] {dagbag.py:587} INFO - Filling up the DagBag from /home/airflow/.local/lib/python3.12/site-packages/airflow/example_dags/example_datasets.py
[2026-08-12T04:30:38.887+0000] {processor.py:925} INFO - DAG(s) 'dataset_produces_1', 'consume_1_or_both_2_and_3_with_dataset_expressions', 'consume_1_and_2_with_dataset_expressions', 'conditional_dataset_and_time_based_timetable', 'consume_1_or_2_with_dataset_expressions', 'dataset_consumes_1_never_scheduled', 'dataset_consumes_1_and_2', 'dataset_produces_2', 'dataset_consumes_unknown_never_scheduled', 'dataset_consumes_1' retrieved from /home/airflow/.local/lib/python3.12/site-packages/airflow/example_dags/example_datasets.py
[2026-08-12T04:30:39.061+0000] {logging_mixin.py:190} INFO - [2026-08-12T04:30:39.060+0000] {override.py:1858} INFO - Created Permission View: can delete on DAG:dataset_produces_1
[2026-08-12T04:30:39.097+0000] {logging_mixin.py:190} INFO - [2026-08-12T04:30:39.096+0000] {override.py:1858} INFO - Created Permission View: can read on DAG:dataset_produces_1
[2026-08-12T04:30:39.123+0000] {logging_mixin.py:190} INFO - [2026-08-12T04:30:39.122+0000] {override.py:1858} INFO - Created Permission View: can edit on DAG:dataset_produces_1
[2026-08-12T04:30:39.162+0000] {logging_mixin.py:190} INFO - [2026-08-12T04:30:39.162+0000] {override.py:1858} INFO - Created Permission View: can delete on DAG:consume_1_or_both_2_and_3_with_dataset_expressions
[2026-08-12T04:30:39.184+0000] {logging_mixin.py:190} INFO - [2026-08-12T04:30:39.183+0000] {override.py:1858} INFO - Created Permission View: can read on DAG:consume_1_or_both_2_and_3_with_dataset_expressions
[2026-08-12T04:30:39.197+0000] {logging_mixin.py:190} INFO - [2026-08-12T04:30:39.197+0000] {override.py:1858} INFO - Created Permission View: can edit on DAG:consume_1_or_both_2_and_3_with_dataset_expressions
[2026-08-12T04:30:39.218+0000] {logging_mixin.py:190} INFO - [2026-08-12T04:30:39.217+0000] {override.py:1858} INFO - Created Permission View: can delete on DAG:consume_1_and_2_with_dataset_expressions
[2026-08-12T04:30:39.230+0000] {logging_mixin.py:190} INFO - [2026-08-12T04:30:39.229+0000] {override.py:1858} INFO - Created Permission View: can read on DAG:consume_1_and_2_with_dataset_expressions
[2026-08-12T04:30:39.241+0000] {logging_mixin.py:190} INFO - [2026-08-12T04:30:39.240+0000] {override.py:1858} INFO - Created Permission View: can edit on DAG:consume_1_and_2_with_dataset_expressions
[2026-08-12T04:30:39.275+0000] {logging_mixin.py:190} INFO - [2026-08-12T04:30:39.275+0000] {override.py:1858} INFO - Created Permission View: can delete on DAG:conditional_dataset_and_time_based_timetable
[2026-08-12T04:30:39.288+0000] {logging_mixin.py:190} INFO - [2026-08-12T04:30:39.287+0000] {override.py:1858} INFO - Created Permission View: can read on DAG:conditional_dataset_and_time_based_timetable
[2026-08-12T04:30:39.302+0000] {logging_mixin.py:190} INFO - [2026-08-12T04:30:39.302+0000] {override.py:1858} INFO - Created Permission View: can edit on DAG:conditional_dataset_and_time_based_timetable
[2026-08-12T04:30:39.324+0000] {logging_mixin.py:190} INFO - [2026-08-12T04:30:39.324+0000] {override.py:1858} INFO - Created Permission View: can delete on DAG:consume_1_or_2_with_dataset_expressions
[2026-08-12T04:30:39.342+0000] {logging_mixin.py:190} INFO - [2026-08-12T04:30:39.342+0000] {override.py:1858} INFO - Created Permission View: can read on DAG:consume_1_or_2_with_dataset_expressions
[2026-08-12T04:30:39.357+0000] {logging_mixin.py:190} INFO - [2026-08-12T04:30:39.356+0000] {override.py:1858} INFO - Created Permission View: can edit on DAG:consume_1_or_2_with_dataset_expressions
[2026-08-12T04:30:39.385+0000] {logging_mixin.py:190} INFO - [2026-08-12T04:30:39.385+0000] {override.py:1858} INFO - Created Permission View: can delete on DAG:dataset_consumes_1_never_scheduled
[2026-08-12T04:30:39.403+0000] {logging_mixin.py:190} INFO - [2026-08-12T04:30:39.402+0000] {override.py:1858} INFO - Created Permission View: can read on DAG:dataset_consumes_1_never_scheduled
[2026-08-12T04:30:39.417+0000] {logging_mixin.py:190} INFO - [2026-08-12T04:30:39.417+0000] {override.py:1858} INFO - Created Permission View: can edit on DAG:dataset_consumes_1_never_scheduled
[2026-08-12T04:30:39.449+0000] {logging_mixin.py:190} INFO - [2026-08-12T04:30:39.448+0000] {override.py:1858} INFO - Created Permission View: can delete on DAG:dataset_consumes_1_and_2
[2026-08-12T04:30:39.469+0000] {logging_mixin.py:190} INFO - [2026-08-12T04:30:39.468+0000] {override.py:1858} INFO - Created Permission View: can read on DAG:dataset_consumes_1_and_2
[2026-08-12T04:30:39.483+0000] {logging_mixin.py:190} INFO - [2026-08-12T04:30:39.483+0000] {override.py:1858} INFO - Created Permission View: can edit on DAG:dataset_consumes_1_and_2
[2026-08-12T04:30:39.509+0000] {logging_mixin.py:190} INFO - [2026-08-12T04:30:39.509+0000] {override.py:1858} INFO - Created Permission View: can delete on DAG:dataset_produces_2
[2026-08-12T04:30:39.518+0000] {logging_mixin.py:190} INFO - [2026-08-12T04:30:39.518+0000] {override.py:1858} INFO - Created Permission View: can read on DAG:dataset_produces_2
[2026-08-12T04:30:39.530+0000] {logging_mixin.py:190} INFO - [2026-08-12T04:30:39.529+0000] {override.py:1858} INFO - Created Permission View: can edit on DAG:dataset_produces_2
[2026-08-12T04:30:39.547+0000] {logging_mixin.py:190} INFO - [2026-08-12T04:30:39.547+0000] {override.py:1858} INFO - Created Permission View: can delete on DAG:dataset_consumes_unknown_never_scheduled
[2026-08-12T04:30:39.558+0000] {logging_mixin.py:190} INFO - [2026-08-12T04:30:39.558+0000] {override.py:1858} INFO - Created Permission View: can read on DAG:dataset_consumes_unknown_never_scheduled
[2026-08-12T04:30:39.568+0000] {logging_mixin.py:190} INFO - [2026-08-12T04:30:39.568+0000] {override.py:1858} INFO - Created Permission View: can edit on DAG:dataset_consumes_unknown_never_scheduled
[2026-08-12T04:30:39.594+0000] {logging_mixin.py:190} INFO - [2026-08-12T04:30:39.594+0000] {override.py:1858} INFO - Created Permission View: can delete on DAG:dataset_consumes_1
[2026-08-12T04:30:39.606+0000] {logging_mixin.py:190} INFO - [2026-08-12T04:30:39.605+0000] {override.py:1858} INFO - Created Permission View: can read on DAG:dataset_consumes_1
[2026-08-12T04:30:39.615+0000] {logging_mixin.py:190} INFO - [2026-08-12T04:30:39.614+0000] {override.py:1858} INFO - Created Permission View: can edit on DAG:dataset_consumes_1
[2026-08-12T04:30:39.616+0000] {logging_mixin.py:190} INFO - [2026-08-12T04:30:39.616+0000] {dag.py:3211} INFO - Sync 10 DAGs
[2026-08-12T04:30:39.634+0000] {logging_mixin.py:190} INFO - [2026-08-12T04:30:39.633+0000] {dag.py:3234} INFO - Creating ORM DAG for dataset_consumes_1_never_scheduled
[2026-08-12T04:30:39.636+0000] {logging_mixin.py:190} INFO - [2026-08-12T04:30:39.635+0000] {dag.py:3234} INFO - Creating ORM DAG for dataset_consumes_1_and_2
[2026-08-12T04:30:39.639+0000] {logging_mixin.py:190} INFO - [2026-08-12T04:30:39.639+0000] {dag.py:3234} INFO - Creating ORM DAG for consume_1_and_2_with_dataset_expressions
[2026-08-12T04:30:39.641+0000] {logging_mixin.py:190} INFO - [2026-08-12T04:30:39.641+0000] {dag.py:3234} INFO - Creating ORM DAG for consume_1_or_2_with_dataset_expressions
[2026-08-12T04:30:39.643+0000] {logging_mixin.py:190} INFO - [2026-08-12T04:30:39.643+0000] {dag.py:3234} INFO - Creating ORM DAG for dataset_consumes_unknown_never_scheduled
[2026-08-12T04:30:39.644+0000] {logging_mixin.py:190} INFO - [2026-08-12T04:30:39.644+0000] {dag.py:3234} INFO - Creating ORM DAG for dataset_produces_1
[2026-08-12T04:30:39.646+0000] {logging_mixin.py:190} INFO - [2026-08-12T04:30:39.646+0000] {dag.py:3234} INFO - Creating ORM DAG for dataset_produces_2
[2026-08-12T04:30:39.648+0000] {logging_mixin.py:190} INFO - [2026-08-12T04:30:39.648+0000] {dag.py:3234} INFO - Creating ORM DAG for conditional_dataset_and_time_based_timetable
[2026-08-12T04:30:39.650+0000] {logging_mixin.py:190} INFO - [2026-08-12T04:30:39.649+0000] {dag.py:3234} INFO - Creating ORM DAG for dataset_consumes_1
[2026-08-12T04:30:39.651+0000] {logging_mixin.py:190} INFO - [2026-08-12T04:30:39.651+0000] {dag.py:3234} INFO - Creating ORM DAG for consume_1_or_both_2_and_3_with_dataset_expressions
[2026-08-12T04:30:39.667+0000] {logging_mixin.py:190} INFO - [2026-08-12T04:30:39.667+0000] {dag.py:4138} INFO - Setting next_dagrun for conditional_dataset_and_time_based_timetable to 2026-08-12 01:00:00+00:00, run_after=2026-08-12 01:00:00+00:00
[2026-08-12T04:30:39.669+0000] {logging_mixin.py:190} INFO - [2026-08-12T04:30:39.669+0000] {dag.py:4138} INFO - Setting next_dagrun for consume_1_and_2_with_dataset_expressions to None, run_after=None
[2026-08-12T04:30:39.671+0000] {logging_mixin.py:190} INFO - [2026-08-12T04:30:39.671+0000] {dag.py:4138} INFO - Setting next_dagrun for consume_1_or_2_with_dataset_expressions to None, run_after=None
[2026-08-12T04:30:39.701+0000] {logging_mixin.py:190} INFO - [2026-08-12T04:30:39.700+0000] {dag.py:4138} INFO - Setting next_dagrun for consume_1_or_both_2_and_3_with_dataset_expressions to None, run_after=None
[2026-08-12T04:30:39.704+0000] {logging_mixin.py:190} INFO - [2026-08-12T04:30:39.704+0000] {dag.py:4138} INFO - Setting next_dagrun for dataset_consumes_1 to None, run_after=None
[2026-08-12T04:30:39.706+0000] {logging_mixin.py:190} INFO - [2026-08-12T04:30:39.706+0000] {dag.py:4138} INFO - Setting next_dagrun for dataset_consumes_1_and_2 to None, run_after=None
[2026-08-12T04:30:39.713+0000] {logging_mixin.py:190} INFO - [2026-08-12T04:30:39.713+0000] {dag.py:4138} INFO - Setting next_dagrun for dataset_consumes_1_never_scheduled to None, run_after=None
[2026-08-12T04:30:39.715+0000] {logging_mixin.py:190} INFO - [2026-08-12T04:30:39.714+0000] {dag.py:4138} INFO - Setting next_dagrun for dataset_consumes_unknown_never_scheduled to None, run_after=None
[2026-08-12T04:30:39.717+0000] {logging_mixin.py:190} INFO - [2026-08-12T04:30:39.717+0000] {dag.py:4138} INFO - Setting next_dagrun for dataset_produces_1 to 2026-08-11 00:00:00+00:00, run_after=2026-08-12 00:00:00+00:00
[2026-08-12T04:30:39.719+0000] {logging_mixin.py:190} INFO - [2026-08-12T04:30:39.719+0000] {dag.py:4138} INFO - Setting next_dagrun for dataset_produces_2 to None, run_after=None
[2026-08-12T04:30:39.790+0000] {processor.py:208} INFO - Processing /home/airflow/.local/lib/python3.12/site-packages/airflow/example_dags/example_datasets.py took 1.918 seconds
[2026-08-12T04:31:09.913+0000] {processor.py:186} INFO - Started process (PID=133) to work on /home/airflow/.local/lib/python3.12/site-packages/airflow/example_dags/example_datasets.py
[2026-08-12T04:31:09.915+0000] {processor.py:914} INFO - Processing file /home/airflow/.local/lib/python3.12/site-packages/airflow/example_dags/example_datasets.py for tasks to queue
[2026-08-12T04:31:09.921+0000] {logging_mixin.py:190} INFO - [2026-08-12T04:31:09.920+0000] {dagbag.py:587} INFO - Filling up the DagBag from /home/airflow/.local/lib/python3.12/site-packages/airflow/example_dags/example_datasets.py
[2026-08-12T04:31:10.148+0000] {processor.py:925} INFO - DAG(s) 'dataset_consumes_unknown_never_scheduled', 'dataset_produces_1', 'consume_1_and_2_with_dataset_expressions', 'consume_1_or_2_with_dataset_expressions', 'dataset_consumes_1', 'dataset_consumes_1_never_scheduled', 'conditional_dataset_and_time_based_timetable', 'dataset_consumes_1_and_2', 'consume_1_or_both_2_and_3_with_dataset_expressions', 'dataset_produces_2' retrieved from /home/airflow/.local/lib/python3.12/site-packages/airflow/example_dags/example_datasets.py
[2026-08-12T04:31:10.273+0000] {logging_mixin.py:190} INFO - [2026-08-12T04:31:10.272+0000] {dag.py:3211} INFO - Sync 10 DAGs
[2026-08-12T04:31:10.319+0000] {logging_mixin.py:190} INFO - [2026-08-12T04:31:10.319+0000] {dag.py:4138} INFO - Setting next_dagrun for conditional_dataset_and_time_based_timetable to 2026-08-12 01:00:00+00:00, run_after=2026-08-12 01:00:00+00:00
[2026-08-12T04:31:10.325+0000] {logging_mixin.py:190} INFO - [2026-08-12T04:31:10.325+0000] {dag.py:4138} INFO - Setting next_dagrun for consume_1_and_2_with_dataset_expressions to None, run_after=None
[2026-08-12T04:31:10.329+0000] {logging_mixin.py:190} INFO - [2026-08-12T04:31:10.328+0000] {dag.py:4138} INFO - Setting next_dagrun for consume_1_or_2_with_dataset_expressions to None, run_after=None
[2026-08-12T04:31:10.332+0000] {logging_mixin.py:190} INFO - [2026-08-12T04:31:10.332+0000] {dag.py:4138} INFO - Setting next_dagrun for consume_1_or_both_2_and_3_with_dataset_expressions to None, run_after=None
[2026-08-12T04:31:10.336+0000] {logging_mixin.py:190} INFO - [2026-08-12T04:31:10.335+0000] {dag.py:4138} INFO - Setting next_dagrun for dataset_consumes_1 to None, run_after=None
[2026-08-12T04:31:10.338+0000] {logging_mixin.py:190} INFO - [2026-08-12T04:31:10.338+0000] {dag.py:4138} INFO - Setting next_dagrun for dataset_consumes_1_and_2 to None, run_after=None
[2026-08-12T04:31:10.340+0000] {logging_mixin.py:190} INFO - [2026-08-12T04:31:10.340+0000] {dag.py:4138} INFO - Setting next_dagrun for dataset_consumes_1_never_scheduled to None, run_after=None
[2026-08-12T04:31:10.343+0000] {logging_mixin.py:190} INFO - [2026-08-12T04:31:10.342+0000] {dag.py:4138} INFO - Setting next_dagrun for dataset_consumes_unknown_never_scheduled to None, run_after=None
[2026-08-12T04:31:10.346+0000] {logging_mixin.py:190} INFO - [2026-08-12T04:31:10.346+0000] {dag.py:4138} INFO - Setting next_dagrun for dataset_produces_1 to 2026-08-11 00:00:00+00:00, run_after=2026-08-12 00:00:00+00:00
[2026-08-12T04:31:10.349+0000] {logging_mixin.py:190} INFO - [2026-08-12T04:31:10.348+0000] {dag.py:4138} INFO - Setting next_dagrun for dataset_produces_2 to None, run_after=None
[2026-08-12T04:31:10.384+0000] {processor.py:208} INFO - Processing /home/airflow/.local/lib/python3.12/site-packages/airflow/example_dags/example_datasets.py took 0.489 seconds
[2026-08-12T04:31:41.173+0000] {processor.py:186} INFO - Started process (PID=196) to work on /home/airflow/.local/lib/python3.12/site-packages/airflow/example_dags/example_datasets.py
[2026-08-12T04:31:41.183+0000] {processor.py:914} INFO - Processing file /home/airflow/.local/lib/python3.12/site-packages/airflow/example_dags/example_datasets.py for tasks to queue
[2026-08-12T04:31:41.187+0000] {logging_mixin.py:190} INFO - [2026-08-12T04:31:41.187+0000] {dagbag.py:587} INFO - Filling up the DagBag from /home/airflow/.local/lib/python3.12/site-packages/airflow/example_dags/example_datasets.py
[2026-08-12T04:31:41.387+0000] {processor.py:925} INFO - DAG(s) 'consume_1_or_both_2_and_3_with_dataset_expressions', 'dataset_consumes_1_never_scheduled', 'dataset_consumes_1', 'dataset_produces_1', 'dataset_produces_2', 'dataset_consumes_1_and_2', 'conditional_dataset_and_time_based_timetable', 'consume_1_or_2_with_dataset_expressions', 'consume_1_and_2_with_dataset_expressions', 'dataset_consumes_unknown_never_scheduled' retrieved from /home/airflow/.local/lib/python3.12/site-packages/airflow/example_dags/example_datasets.py
[2026-08-12T04:31:41.441+0000] {logging_mixin.py:190} INFO - [2026-08-12T04:31:41.441+0000] {dag.py:3211} INFO - Sync 10 DAGs
[2026-08-12T04:31:41.493+0000] {logging_mixin.py:190} INFO - [2026-08-12T04:31:41.492+0000] {dag.py:4138} INFO - Setting next_dagrun for conditional_dataset_and_time_based_timetable to 2026-08-12 01:00:00+00:00, run_after=2026-08-12 01:00:00+00:00
[2026-08-12T04:31:41.498+0000] {logging_mixin.py:190} INFO - [2026-08-12T04:31:41.498+0000] {dag.py:4138} INFO - Setting next_dagrun for consume_1_and_2_with_dataset_expressions to None, run_after=None
[2026-08-12T04:31:41.502+0000] {logging_mixin.py:190} INFO - [2026-08-12T04:31:41.502+0000] {dag.py:4138} INFO - Setting next_dagrun for consume_1_or_2_with_dataset_expressions to None, run_after=None
[2026-08-12T04:31:41.505+0000] {logging_mixin.py:190} INFO - [2026-08-12T04:31:41.505+0000] {dag.py:4138} INFO - Setting next_dagrun for consume_1_or_both_2_and_3_with_dataset_expressions to None, run_after=None
[2026-08-12T04:31:41.509+0000] {logging_mixin.py:190} INFO - [2026-08-12T04:31:41.509+0000] {dag.py:4138} INFO - Setting next_dagrun for dataset_consumes_1 to None, run_after=None
[2026-08-12T04:31:41.512+0000] {logging_mixin.py:190} INFO - [2026-08-12T04:31:41.512+0000] {dag.py:4138} INFO - Setting next_dagrun for dataset_consumes_1_and_2 to None, run_after=None
[2026-08-12T04:31:41.514+0000] {logging_mixin.py:190} INFO - [2026-08-12T04:31:41.514+0000] {dag.py:4138} INFO - Setting next_dagrun for dataset_consumes_1_never_scheduled to None, run_after=None
[2026-08-12T04:31:41.516+0000] {logging_mixin.py:190} INFO - [2026-08-12T04:31:41.516+0000] {dag.py:4138} INFO - Setting next_dagrun for dataset_consumes_unknown_never_scheduled to None, run_after=None
[2026-08-12T04:31:41.520+0000] {logging_mixin.py:190} INFO - [2026-08-12T04:31:41.519+0000] {dag.py:4138} INFO - Setting next_dagrun for dataset_produces_1 to 2026-08-11 00:00:00+00:00, run_after=2026-08-12 00:00:00+00:00
[2026-08-12T04:31:41.522+0000] {logging_mixin.py:190} INFO - [2026-08-12T04:31:41.522+0000] {dag.py:4138} INFO - Setting next_dagrun for dataset_produces_2 to None, run_after=None
[2026-08-12T04:31:41.570+0000] {processor.py:208} INFO - Processing /home/airflow/.local/lib/python3.12/site-packages/airflow/example_dags/example_datasets.py took 0.409 seconds
[2026-08-12T04:32:11.635+0000] {processor.py:186} INFO - Started process (PID=258) to work on /home/airflow/.local/lib/python3.12/site-packages/airflow/example_dags/example_datasets.py
[2026-08-12T04:32:11.637+0000] {processor.py:914} INFO - Processing file /home/airflow/.local/lib/python3.12/site-packages/airflow/example_dags/example_datasets.py for tasks to queue
[2026-08-12T04:32:11.644+0000] {logging_mixin.py:190} INFO - [2026-08-12T04:32:11.643+0000] {dagbag.py:587} INFO - Filling up the DagBag from /home/airflow/.local/lib/python3.12/site-packages/airflow/example_dags/example_datasets.py
[2026-08-12T04:32:11.925+0000] {processor.py:925} INFO - DAG(s) 'dataset_produces_1', 'consume_1_or_both_2_and_3_with_dataset_expressions', 'consume_1_and_2_with_dataset_expressions', 'dataset_consumes_1', 'conditional_dataset_and_time_based_timetable', 'dataset_produces_2', 'dataset_consumes_unknown_never_scheduled', 'consume_1_or_2_with_dataset_expressions', 'dataset_consumes_1_and_2', 'dataset_consumes_1_never_scheduled' retrieved from /home/airflow/.local/lib/python3.12/site-packages/airflow/example_dags/example_datasets.py
[2026-08-12T04:32:12.006+0000] {logging_mixin.py:190} INFO - [2026-08-12T04:32:12.005+0000] {dag.py:3211} INFO - Sync 10 DAGs
[2026-08-12T04:32:12.053+0000] {logging_mixin.py:190} INFO - [2026-08-12T04:32:12.052+0000] {dag.py:4138} INFO - Setting next_dagrun for conditional_dataset_and_time_based_timetable to 2026-08-12 01:00:00+00:00, run_after=2026-08-12 01:00:00+00:00
[2026-08-12T04:32:12.062+0000] {logging_mixin.py:190} INFO - [2026-08-12T04:32:12.062+0000] {dag.py:4138} INFO - Setting next_dagrun for consume_1_and_2_with_dataset_expressions to None, run_after=None
[2026-08-12T04:32:12.068+0000] {logging_mixin.py:190} INFO - [2026-08-12T04:32:12.068+0000] {dag.py:4138} INFO - Setting next_dagrun for consume_1_or_2_with_dataset_expressions to None, run_after=None
[2026-08-12T04:32:12.072+0000] {logging_mixin.py:190} INFO - [2026-08-12T04:32:12.071+0000] {dag.py:4138} INFO - Setting next_dagrun for consume_1_or_both_2_and_3_with_dataset_expressions to None, run_after=None
[2026-08-12T04:32:12.078+0000] {logging_mixin.py:190} INFO - [2026-08-12T04:32:12.078+0000] {dag.py:4138} INFO - Setting next_dagrun for dataset_consumes_1 to None, run_after=None
[2026-08-12T04:32:12.082+0000] {logging_mixin.py:190} INFO - [2026-08-12T04:32:12.081+0000] {dag.py:4138} INFO - Setting next_dagrun for dataset_consumes_1_and_2 to None, run_after=None
[2026-08-12T04:32:12.086+0000] {logging_mixin.py:190} INFO - [2026-08-12T04:32:12.085+0000] {dag.py:4138} INFO - Setting next_dagrun for dataset_consumes_1_never_scheduled to None, run_after=None
[2026-08-12T04:32:12.090+0000] {logging_mixin.py:190} INFO - [2026-08-12T04:32:12.089+0000] {dag.py:4138} INFO - Setting next_dagrun for dataset_consumes_unknown_never_scheduled to None, run_after=None
[2026-08-12T04:32:12.095+0000] {logging_mixin.py:190} INFO - [2026-08-12T04:32:12.094+0000] {dag.py:4138} INFO - Setting next_dagrun for dataset_produces_1 to 2026-08-11 00:00:00+00:00, run_after=2026-08-12 00:00:00+00:00
[2026-08-12T04:32:12.098+0000] {logging_mixin.py:190} INFO - [2026-08-12T04:32:12.097+0000] {dag.py:4138} INFO - Setting next_dagrun for dataset_produces_2 to None, run_after=None
[2026-08-12T04:32:12.153+0000] {processor.py:208} INFO - Processing /home/airflow/.local/lib/python3.12/site-packages/airflow/example_dags/example_datasets.py took 0.526 seconds
[2026-08-12T04:32:59.652+0000] {processor.py:186} INFO - Started process (PID=49) to work on /home/airflow/.local/lib/python3.12/site-packages/airflow/example_dags/example_datasets.py
[2026-08-12T04:32:59.655+0000] {processor.py:914} INFO - Processing file /home/airflow/.local/lib/python3.12/site-packages/airflow/example_dags/example_datasets.py for tasks to queue
[2026-08-12T04:32:59.663+0000] {logging_mixin.py:190} INFO - [2026-08-12T04:32:59.662+0000] {dagbag.py:587} INFO - Filling up the DagBag from /home/airflow/.local/lib/python3.12/site-packages/airflow/example_dags/example_datasets.py
[2026-08-12T04:32:59.933+0000] {processor.py:925} INFO - DAG(s) 'consume_1_and_2_with_dataset_expressions', 'consume_1_or_both_2_and_3_with_dataset_expressions', 'dataset_produces_1', 'consume_1_or_2_with_dataset_expressions', 'dataset_consumes_1', 'dataset_consumes_1_never_scheduled', 'dataset_produces_2', 'dataset_consumes_1_and_2', 'dataset_consumes_unknown_never_scheduled', 'conditional_dataset_and_time_based_timetable' retrieved from /home/airflow/.local/lib/python3.12/site-packages/airflow/example_dags/example_datasets.py
[2026-08-12T04:33:00.034+0000] {logging_mixin.py:190} INFO - [2026-08-12T04:33:00.034+0000] {dag.py:3211} INFO - Sync 10 DAGs
[2026-08-12T04:33:00.086+0000] {logging_mixin.py:190} INFO - [2026-08-12T04:33:00.086+0000] {dag.py:4138} INFO - Setting next_dagrun for conditional_dataset_and_time_based_timetable to 2026-08-12 01:00:00+00:00, run_after=2026-08-12 01:00:00+00:00
[2026-08-12T04:33:00.104+0000] {logging_mixin.py:190} INFO - [2026-08-12T04:33:00.104+0000] {dag.py:4138} INFO - Setting next_dagrun for consume_1_and_2_with_dataset_expressions to None, run_after=None
[2026-08-12T04:33:00.113+0000] {logging_mixin.py:190} INFO - [2026-08-12T04:33:00.112+0000] {dag.py:4138} INFO - Setting next_dagrun for consume_1_or_2_with_dataset_expressions to None, run_after=None
[2026-08-12T04:33:00.116+0000] {logging_mixin.py:190} INFO - [2026-08-12T04:33:00.115+0000] {dag.py:4138} INFO - Setting next_dagrun for consume_1_or_both_2_and_3_with_dataset_expressions to None, run_after=None
[2026-08-12T04:33:00.119+0000] {logging_mixin.py:190} INFO - [2026-08-12T04:33:00.119+0000] {dag.py:4138} INFO - Setting next_dagrun for dataset_consumes_1 to None, run_after=None
[2026-08-12T04:33:00.124+0000] {logging_mixin.py:190} INFO - [2026-08-12T04:33:00.124+0000] {dag.py:4138} INFO - Setting next_dagrun for dataset_consumes_1_and_2 to None, run_after=None
[2026-08-12T04:33:00.130+0000] {logging_mixin.py:190} INFO - [2026-08-12T04:33:00.129+0000] {dag.py:4138} INFO - Setting next_dagrun for dataset_consumes_1_never_scheduled to None, run_after=None
[2026-08-12T04:33:00.133+0000] {logging_mixin.py:190} INFO - [2026-08-12T04:33:00.133+0000] {dag.py:4138} INFO - Setting next_dagrun for dataset_consumes_unknown_never_scheduled to None, run_after=None
[2026-08-12T04:33:00.137+0000] {logging_mixin.py:190} INFO - [2026-08-12T04:33:00.136+0000] {dag.py:4138} INFO - Setting next_dagrun for dataset_produces_1 to 2026-08-11 00:00:00+00:00, run_after=2026-08-12 00:00:00+00:00
[2026-08-12T04:33:00.143+0000] {logging_mixin.py:190} INFO - [2026-08-12T04:33:00.143+0000] {dag.py:4138} INFO - Setting next_dagrun for dataset_produces_2 to None, run_after=None
[2026-08-12T04:33:00.250+0000] {processor.py:208} INFO - Processing /home/airflow/.local/lib/python3.12/site-packages/airflow/example_dags/example_datasets.py took 0.614 seconds
[2026-08-12T04:33:30.806+0000] {processor.py:186} INFO - Started process (PID=118) to work on /home/airflow/.local/lib/python3.12/site-packages/airflow/example_dags/example_datasets.py
[2026-08-12T04:33:30.808+0000] {processor.py:914} INFO - Processing file /home/airflow/.local/lib/python3.12/site-packages/airflow/example_dags/example_datasets.py for tasks to queue
[2026-08-12T04:33:30.812+0000] {logging_mixin.py:190} INFO - [2026-08-12T04:33:30.811+0000] {dagbag.py:587} INFO - Filling up the DagBag from /home/airflow/.local/lib/python3.12/site-packages/airflow/example_dags/example_datasets.py
[2026-08-12T04:33:30.995+0000] {processor.py:925} INFO - DAG(s) 'dataset_consumes_1', 'dataset_consumes_unknown_never_scheduled', 'dataset_produces_1', 'dataset_consumes_1_and_2', 'conditional_dataset_and_time_based_timetable', 'dataset_consumes_1_never_scheduled', 'consume_1_or_2_with_dataset_expressions', 'consume_1_and_2_with_dataset_expressions', 'consume_1_or_both_2_and_3_with_dataset_expressions', 'dataset_produces_2' retrieved from /home/airflow/.local/lib/python3.12/site-packages/airflow/example_dags/example_datasets.py
[2026-08-12T04:33:31.058+0000] {logging_mixin.py:190} INFO - [2026-08-12T04:33:31.057+0000] {dag.py:3211} INFO - Sync 10 DAGs
[2026-08-12T04:33:31.086+0000] {logging_mixin.py:190} INFO - [2026-08-12T04:33:31.086+0000] {dag.py:4138} INFO - Setting next_dagrun for conditional_dataset_and_time_based_timetable to 2026-08-12 01:00:00+00:00, run_after=2026-08-12 01:00:00+00:00
[2026-08-12T04:33:31.092+0000] {logging_mixin.py:190} INFO - [2026-08-12T04:33:31.091+0000] {dag.py:4138} INFO - Setting next_dagrun for consume_1_and_2_with_dataset_expressions to None, run_after=None
[2026-08-12T04:33:31.095+0000] {logging_mixin.py:190} INFO - [2026-08-12T04:33:31.094+0000] {dag.py:4138} INFO - Setting next_dagrun for consume_1_or_2_with_dataset_expressions to None, run_after=None
[2026-08-12T04:33:31.098+0000] {logging_mixin.py:190} INFO - [2026-08-12T04:33:31.097+0000] {dag.py:4138} INFO - Setting next_dagrun for consume_1_or_both_2_and_3_with_dataset_expressions to None, run_after=None
[2026-08-12T04:33:31.100+0000] {logging_mixin.py:190} INFO - [2026-08-12T04:33:31.099+0000] {dag.py:4138} INFO - Setting next_dagrun for dataset_consumes_1 to None, run_after=None
[2026-08-12T04:33:31.102+0000] {logging_mixin.py:190} INFO - [2026-08-12T04:33:31.102+0000] {dag.py:4138} INFO - Setting next_dagrun for dataset_consumes_1_and_2 to None, run_after=None
[2026-08-12T04:33:31.104+0000] {logging_mixin.py:190} INFO - [2026-08-12T04:33:31.104+0000] {dag.py:4138} INFO - Setting next_dagrun for dataset_consumes_1_never_scheduled to None, run_after=None
[2026-08-12T04:33:31.107+0000] {logging_mixin.py:190} INFO - [2026-08-12T04:33:31.106+0000] {dag.py:4138} INFO - Setting next_dagrun for dataset_consumes_unknown_never_scheduled to None, run_after=None
[2026-08-12T04:33:31.110+0000] {logging_mixin.py:190} INFO - [2026-08-12T04:33:31.110+0000] {dag.py:4138} INFO - Setting next_dagrun for dataset_produces_1 to 2026-08-11 00:00:00+00:00, run_after=2026-08-12 00:00:00+00:00
[2026-08-12T04:33:31.113+0000] {logging_mixin.py:190} INFO - [2026-08-12T04:33:31.113+0000] {dag.py:4138} INFO - Setting next_dagrun for dataset_produces_2 to None, run_after=None
[2026-08-12T04:33:31.149+0000] {processor.py:208} INFO - Processing /home/airflow/.local/lib/python3.12/site-packages/airflow/example_dags/example_datasets.py took 0.350 seconds
[2026-08-12T04:34:01.270+0000] {processor.py:186} INFO - Started process (PID=181) to work on /home/airflow/.local/lib/python3.12/site-packages/airflow/example_dags/example_datasets.py
[2026-08-12T04:34:01.271+0000] {processor.py:914} INFO - Processing file /home/airflow/.local/lib/python3.12/site-packages/airflow/example_dags/example_datasets.py for tasks to queue
[2026-08-12T04:34:01.274+0000] {logging_mixin.py:190} INFO - [2026-08-12T04:34:01.274+0000] {dagbag.py:587} INFO - Filling up the DagBag from /home/airflow/.local/lib/python3.12/site-packages/airflow/example_dags/example_datasets.py
[2026-08-12T04:34:01.402+0000] {processor.py:925} INFO - DAG(s) 'consume_1_or_both_2_and_3_with_dataset_expressions', 'dataset_consumes_1', 'dataset_consumes_1_never_scheduled', 'dataset_consumes_1_and_2', 'dataset_produces_2', 'consume_1_or_2_with_dataset_expressions', 'dataset_consumes_unknown_never_scheduled', 'conditional_dataset_and_time_based_timetable', 'consume_1_and_2_with_dataset_expressions', 'dataset_produces_1' retrieved from /home/airflow/.local/lib/python3.12/site-packages/airflow/example_dags/example_datasets.py
[2026-08-12T04:34:01.446+0000] {logging_mixin.py:190} INFO - [2026-08-12T04:34:01.445+0000] {dag.py:3211} INFO - Sync 10 DAGs
[2026-08-12T04:34:01.469+0000] {logging_mixin.py:190} INFO - [2026-08-12T04:34:01.469+0000] {dag.py:4138} INFO - Setting next_dagrun for conditional_dataset_and_time_based_timetable to 2026-08-12 01:00:00+00:00, run_after=2026-08-12 01:00:00+00:00
[2026-08-12T04:34:01.474+0000] {logging_mixin.py:190} INFO - [2026-08-12T04:34:01.474+0000] {dag.py:4138} INFO - Setting next_dagrun for consume_1_and_2_with_dataset_expressions to None, run_after=None
[2026-08-12T04:34:01.476+0000] {logging_mixin.py:190} INFO - [2026-08-12T04:34:01.476+0000] {dag.py:4138} INFO - Setting next_dagrun for consume_1_or_2_with_dataset_expressions to None, run_after=None
[2026-08-12T04:34:01.479+0000] {logging_mixin.py:190} INFO - [2026-08-12T04:34:01.478+0000] {dag.py:4138} INFO - Setting next_dagrun for consume_1_or_both_2_and_3_with_dataset_expressions to None, run_after=None
[2026-08-12T04:34:01.481+0000] {logging_mixin.py:190} INFO - [2026-08-12T04:34:01.481+0000] {dag.py:4138} INFO - Setting next_dagrun for dataset_consumes_1 to None, run_after=None
[2026-08-12T04:34:01.484+0000] {logging_mixin.py:190} INFO - [2026-08-12T04:34:01.483+0000] {dag.py:4138} INFO - Setting next_dagrun for dataset_consumes_1_and_2 to None, run_after=None
[2026-08-12T04:34:01.486+0000] {logging_mixin.py:190} INFO - [2026-08-12T04:34:01.485+0000] {dag.py:4138} INFO - Setting next_dagrun for dataset_consumes_1_never_scheduled to None, run_after=None
[2026-08-12T04:34:01.488+0000] {logging_mixin.py:190} INFO - [2026-08-12T04:34:01.488+0000] {dag.py:4138} INFO - Setting next_dagrun for dataset_consumes_unknown_never_scheduled to None, run_after=None
[2026-08-12T04:34:01.491+0000] {logging_mixin.py:190} INFO - [2026-08-12T04:34:01.491+0000] {dag.py:4138} INFO - Setting next_dagrun for dataset_produces_1 to 2026-08-11 00:00:00+00:00, run_after=2026-08-12 00:00:00+00:00
[2026-08-12T04:34:01.493+0000] {logging_mixin.py:190} INFO - [2026-08-12T04:34:01.493+0000] {dag.py:4138} INFO - Setting next_dagrun for dataset_produces_2 to None, run_after=None
[2026-08-12T04:34:01.549+0000] {processor.py:208} INFO - Processing /home/airflow/.local/lib/python3.12/site-packages/airflow/example_dags/example_datasets.py took 0.284 seconds
[2026-08-12T04:34:31.704+0000] {processor.py:186} INFO - Started process (PID=243) to work on /home/airflow/.local/lib/python3.12/site-packages/airflow/example_dags/example_datasets.py
[2026-08-12T04:34:31.706+0000] {processor.py:914} INFO - Processing file /home/airflow/.local/lib/python3.12/site-packages/airflow/example_dags/example_datasets.py for tasks to queue
[2026-08-12T04:34:31.709+0000] {logging_mixin.py:190} INFO - [2026-08-12T04:34:31.709+0000] {dagbag.py:587} INFO - Filling up the DagBag from /home/airflow/.local/lib/python3.12/site-packages/airflow/example_dags/example_datasets.py
[2026-08-12T04:34:31.880+0000] {processor.py:925} INFO - DAG(s) 'consume_1_or_2_with_dataset_expressions', 'dataset_produces_2', 'dataset_consumes_1_and_2', 'dataset_consumes_unknown_never_scheduled', 'conditional_dataset_and_time_based_timetable', 'dataset_consumes_1_never_scheduled', 'consume_1_and_2_with_dataset_expressions', 'consume_1_or_both_2_and_3_with_dataset_expressions', 'dataset_produces_1', 'dataset_consumes_1' retrieved from /home/airflow/.local/lib/python3.12/site-packages/airflow/example_dags/example_datasets.py
[2026-08-12T04:34:31.926+0000] {logging_mixin.py:190} INFO - [2026-08-12T04:34:31.925+0000] {dag.py:3211} INFO - Sync 10 DAGs
[2026-08-12T04:34:31.954+0000] {logging_mixin.py:190} INFO - [2026-08-12T04:34:31.954+0000] {dag.py:4138} INFO - Setting next_dagrun for conditional_dataset_and_time_based_timetable to 2026-08-12 01:00:00+00:00, run_after=2026-08-12 01:00:00+00:00
[2026-08-12T04:34:31.959+0000] {logging_mixin.py:190} INFO - [2026-08-12T04:34:31.958+0000] {dag.py:4138} INFO - Setting next_dagrun for consume_1_and_2_with_dataset_expressions to None, run_after=None
[2026-08-12T04:34:31.961+0000] {logging_mixin.py:190} INFO - [2026-08-12T04:34:31.961+0000] {dag.py:4138} INFO - Setting next_dagrun for consume_1_or_2_with_dataset_expressions to None, run_after=None
[2026-08-12T04:34:31.963+0000] {logging_mixin.py:190} INFO - [2026-08-12T04:34:31.963+0000] {dag.py:4138} INFO - Setting next_dagrun for consume_1_or_both_2_and_3_with_dataset_expressions to None, run_after=None
[2026-08-12T04:34:31.966+0000] {logging_mixin.py:190} INFO - [2026-08-12T04:34:31.966+0000] {dag.py:4138} INFO - Setting next_dagrun for dataset_consumes_1 to None, run_after=None
[2026-08-12T04:34:31.968+0000] {logging_mixin.py:190} INFO - [2026-08-12T04:34:31.968+0000] {dag.py:4138} INFO - Setting next_dagrun for dataset_consumes_1_and_2 to None, run_after=None
[2026-08-12T04:34:31.970+0000] {logging_mixin.py:190} INFO - [2026-08-12T04:34:31.970+0000] {dag.py:4138} INFO - Setting next_dagrun for dataset_consumes_1_never_scheduled to None, run_after=None
[2026-08-12T04:34:31.972+0000] {logging_mixin.py:190} INFO - [2026-08-12T04:34:31.972+0000] {dag.py:4138} INFO - Setting next_dagrun for dataset_consumes_unknown_never_scheduled to None, run_after=None
[2026-08-12T04:34:31.975+0000] {logging_mixin.py:190} INFO - [2026-08-12T04:34:31.975+0000] {dag.py:4138} INFO - Setting next_dagrun for dataset_produces_1 to 2026-08-11 00:00:00+00:00, run_after=2026-08-12 00:00:00+00:00
[2026-08-12T04:34:31.977+0000] {logging_mixin.py:190} INFO - [2026-08-12T04:34:31.977+0000] {dag.py:4138} INFO - Setting next_dagrun for dataset_produces_2 to None, run_after=None
[2026-08-12T04:34:32.012+0000] {processor.py:208} INFO - Processing /home/airflow/.local/lib/python3.12/site-packages/airflow/example_dags/example_datasets.py took 0.315 seconds
[2026-08-12T04:35:02.874+0000] {processor.py:186} INFO - Started process (PID=305) to work on /home/airflow/.local/lib/python3.12/site-packages/airflow/example_dags/example_datasets.py
[2026-08-12T04:35:02.876+0000] {processor.py:914} INFO - Processing file /home/airflow/.local/lib/python3.12/site-packages/airflow/example_dags/example_datasets.py for tasks to queue
[2026-08-12T04:35:02.880+0000] {logging_mixin.py:190} INFO - [2026-08-12T04:35:02.879+0000] {dagbag.py:587} INFO - Filling up the DagBag from /home/airflow/.local/lib/python3.12/site-packages/airflow/example_dags/example_datasets.py
[2026-08-12T04:35:03.046+0000] {processor.py:925} INFO - DAG(s) 'dataset_produces_2', 'dataset_consumes_1_never_scheduled', 'dataset_consumes_1_and_2', 'consume_1_and_2_with_dataset_expressions', 'consume_1_or_both_2_and_3_with_dataset_expressions', 'dataset_consumes_1', 'dataset_consumes_unknown_never_scheduled', 'dataset_produces_1', 'consume_1_or_2_with_dataset_expressions', 'conditional_dataset_and_time_based_timetable' retrieved from /home/airflow/.local/lib/python3.12/site-packages/airflow/example_dags/example_datasets.py
[2026-08-12T04:35:03.098+0000] {logging_mixin.py:190} INFO - [2026-08-12T04:35:03.097+0000] {dag.py:3211} INFO - Sync 10 DAGs
[2026-08-12T04:35:03.128+0000] {logging_mixin.py:190} INFO - [2026-08-12T04:35:03.128+0000] {dag.py:4138} INFO - Setting next_dagrun for conditional_dataset_and_time_based_timetable to 2026-08-12 01:00:00+00:00, run_after=2026-08-12 01:00:00+00:00
[2026-08-12T04:35:03.133+0000] {logging_mixin.py:190} INFO - [2026-08-12T04:35:03.133+0000] {dag.py:4138} INFO - Setting next_dagrun for consume_1_and_2_with_dataset_expressions to None, run_after=None
[2026-08-12T04:35:03.137+0000] {logging_mixin.py:190} INFO - [2026-08-12T04:35:03.137+0000] {dag.py:4138} INFO - Setting next_dagrun for consume_1_or_2_with_dataset_expressions to None, run_after=None
[2026-08-12T04:35:03.140+0000] {logging_mixin.py:190} INFO - [2026-08-12T04:35:03.140+0000] {dag.py:4138} INFO - Setting next_dagrun for consume_1_or_both_2_and_3_with_dataset_expressions to None, run_after=None
[2026-08-12T04:35:03.143+0000] {logging_mixin.py:190} INFO - [2026-08-12T04:35:03.142+0000] {dag.py:4138} INFO - Setting next_dagrun for dataset_consumes_1 to None, run_after=None
[2026-08-12T04:35:03.145+0000] {logging_mixin.py:190} INFO - [2026-08-12T04:35:03.145+0000] {dag.py:4138} INFO - Setting next_dagrun for dataset_consumes_1_and_2 to None, run_after=None
[2026-08-12T04:35:03.147+0000] {logging_mixin.py:190} INFO - [2026-08-12T04:35:03.147+0000] {dag.py:4138} INFO - Setting next_dagrun for dataset_consumes_1_never_scheduled to None, run_after=None
[2026-08-12T04:35:03.151+0000] {logging_mixin.py:190} INFO - [2026-08-12T04:35:03.150+0000] {dag.py:4138} INFO - Setting next_dagrun for dataset_consumes_unknown_never_scheduled to None, run_after=None
[2026-08-12T04:35:03.154+0000] {logging_mixin.py:190} INFO - [2026-08-12T04:35:03.154+0000] {dag.py:4138} INFO - Setting next_dagrun for dataset_produces_1 to 2026-08-11 00:00:00+00:00, run_after=2026-08-12 00:00:00+00:00
[2026-08-12T04:35:03.157+0000] {logging_mixin.py:190} INFO - [2026-08-12T04:35:03.156+0000] {dag.py:4138} INFO - Setting next_dagrun for dataset_produces_2 to None, run_after=None
[2026-08-12T04:35:03.196+0000] {processor.py:208} INFO - Processing /home/airflow/.local/lib/python3.12/site-packages/airflow/example_dags/example_datasets.py took 0.330 seconds
[2026-08-12T04:35:33.828+0000] {processor.py:186} INFO - Started process (PID=367) to work on /home/airflow/.local/lib/python3.12/site-packages/airflow/example_dags/example_datasets.py
[2026-08-12T04:35:33.830+0000] {processor.py:914} INFO - Processing file /home/airflow/.local/lib/python3.12/site-packages/airflow/example_dags/example_datasets.py for tasks to queue
[2026-08-12T04:35:33.847+0000] {logging_mixin.py:190} INFO - [2026-08-12T04:35:33.846+0000] {dagbag.py:587} INFO - Filling up the DagBag from /home/airflow/.local/lib/python3.12/site-packages/airflow/example_dags/example_datasets.py
[2026-08-12T04:35:34.029+0000] {processor.py:925} INFO - DAG(s) 'consume_1_and_2_with_dataset_expressions', 'consume_1_or_both_2_and_3_with_dataset_expressions', 'dataset_consumes_1', 'dataset_produces_1', 'dataset_consumes_1_never_scheduled', 'dataset_produces_2', 'dataset_consumes_unknown_never_scheduled', 'dataset_consumes_1_and_2', 'consume_1_or_2_with_dataset_expressions', 'conditional_dataset_and_time_based_timetable' retrieved from /home/airflow/.local/lib/python3.12/site-packages/airflow/example_dags/example_datasets.py
[2026-08-12T04:35:34.107+0000] {logging_mixin.py:190} INFO - [2026-08-12T04:35:34.107+0000] {dag.py:3211} INFO - Sync 10 DAGs
[2026-08-12T04:35:34.134+0000] {logging_mixin.py:190} INFO - [2026-08-12T04:35:34.134+0000] {dag.py:4138} INFO - Setting next_dagrun for conditional_dataset_and_time_based_timetable to 2026-08-12 01:00:00+00:00, run_after=2026-08-12 01:00:00+00:00
[2026-08-12T04:35:34.140+0000] {logging_mixin.py:190} INFO - [2026-08-12T04:35:34.140+0000] {dag.py:4138} INFO - Setting next_dagrun for consume_1_and_2_with_dataset_expressions to None, run_after=None
[2026-08-12T04:35:34.142+0000] {logging_mixin.py:190} INFO - [2026-08-12T04:35:34.142+0000] {dag.py:4138} INFO - Setting next_dagrun for consume_1_or_2_with_dataset_expressions to None, run_after=None
[2026-08-12T04:35:34.145+0000] {logging_mixin.py:190} INFO - [2026-08-12T04:35:34.145+0000] {dag.py:4138} INFO - Setting next_dagrun for consume_1_or_both_2_and_3_with_dataset_expressions to None, run_after=None
[2026-08-12T04:35:34.148+0000] {logging_mixin.py:190} INFO - [2026-08-12T04:35:34.147+0000] {dag.py:4138} INFO - Setting next_dagrun for dataset_consumes_1 to None, run_after=None
[2026-08-12T04:35:34.152+0000] {logging_mixin.py:190} INFO - [2026-08-12T04:35:34.152+0000] {dag.py:4138} INFO - Setting next_dagrun for dataset_consumes_1_and_2 to None, run_after=None
[2026-08-12T04:35:34.154+0000] {logging_mixin.py:190} INFO - [2026-08-12T04:35:34.154+0000] {dag.py:4138} INFO - Setting next_dagrun for dataset_consumes_1_never_scheduled to None, run_after=None
[2026-08-12T04:35:34.157+0000] {logging_mixin.py:190} INFO - [2026-08-12T04:35:34.157+0000] {dag.py:4138} INFO - Setting next_dagrun for dataset_consumes_unknown_never_scheduled to None, run_after=None
[2026-08-12T04:35:34.160+0000] {logging_mixin.py:190} INFO - [2026-08-12T04:35:34.160+0000] {dag.py:4138} INFO - Setting next_dagrun for dataset_produces_1 to 2026-08-11 00:00:00+00:00, run_after=2026-08-12 00:00:00+00:00
[2026-08-12T04:35:34.162+0000] {logging_mixin.py:190} INFO - [2026-08-12T04:35:34.162+0000] {dag.py:4138} INFO - Setting next_dagrun for dataset_produces_2 to None, run_after=None
[2026-08-12T04:35:34.197+0000] {processor.py:208} INFO - Processing /home/airflow/.local/lib/python3.12/site-packages/airflow/example_dags/example_datasets.py took 0.375 seconds
[2026-08-12T04:36:04.893+0000] {processor.py:186} INFO - Started process (PID=429) to work on /home/airflow/.local/lib/python3.12/site-packages/airflow/example_dags/example_datasets.py
[2026-08-12T04:36:04.896+0000] {processor.py:914} INFO - Processing file /home/airflow/.local/lib/python3.12/site-packages/airflow/example_dags/example_datasets.py for tasks to queue
[2026-08-12T04:36:04.899+0000] {logging_mixin.py:190} INFO - [2026-08-12T04:36:04.899+0000] {dagbag.py:587} INFO - Filling up the DagBag from /home/airflow/.local/lib/python3.12/site-packages/airflow/example_dags/example_datasets.py
[2026-08-12T04:36:05.077+0000] {processor.py:925} INFO - DAG(s) 'dataset_produces_1', 'dataset_consumes_unknown_never_scheduled', 'dataset_produces_2', 'dataset_consumes_1_never_scheduled', 'consume_1_and_2_with_dataset_expressions', 'consume_1_or_both_2_and_3_with_dataset_expressions', 'conditional_dataset_and_time_based_timetable', 'consume_1_or_2_with_dataset_expressions', 'dataset_consumes_1', 'dataset_consumes_1_and_2' retrieved from /home/airflow/.local/lib/python3.12/site-packages/airflow/example_dags/example_datasets.py
[2026-08-12T04:36:05.125+0000] {logging_mixin.py:190} INFO - [2026-08-12T04:36:05.124+0000] {dag.py:3211} INFO - Sync 10 DAGs
[2026-08-12T04:36:05.155+0000] {logging_mixin.py:190} INFO - [2026-08-12T04:36:05.154+0000] {dag.py:4138} INFO - Setting next_dagrun for conditional_dataset_and_time_based_timetable to 2026-08-12 01:00:00+00:00, run_after=2026-08-12 01:00:00+00:00
[2026-08-12T04:36:05.160+0000] {logging_mixin.py:190} INFO - [2026-08-12T04:36:05.160+0000] {dag.py:4138} INFO - Setting next_dagrun for consume_1_and_2_with_dataset_expressions to None, run_after=None
[2026-08-12T04:36:05.163+0000] {logging_mixin.py:190} INFO - [2026-08-12T04:36:05.162+0000] {dag.py:4138} INFO - Setting next_dagrun for consume_1_or_2_with_dataset_expressions to None, run_after=None
[2026-08-12T04:36:05.166+0000] {logging_mixin.py:190} INFO - [2026-08-12T04:36:05.165+0000] {dag.py:4138} INFO - Setting next_dagrun for consume_1_or_both_2_and_3_with_dataset_expressions to None, run_after=None
[2026-08-12T04:36:05.169+0000] {logging_mixin.py:190} INFO - [2026-08-12T04:36:05.169+0000] {dag.py:4138} INFO - Setting next_dagrun for dataset_consumes_1 to None, run_after=None
[2026-08-12T04:36:05.171+0000] {logging_mixin.py:190} INFO - [2026-08-12T04:36:05.171+0000] {dag.py:4138} INFO - Setting next_dagrun for dataset_consumes_1_and_2 to None, run_after=None
[2026-08-12T04:36:05.174+0000] {logging_mixin.py:190} INFO - [2026-08-12T04:36:05.173+0000] {dag.py:4138} INFO - Setting next_dagrun for dataset_consumes_1_never_scheduled to None, run_after=None
[2026-08-12T04:36:05.176+0000] {logging_mixin.py:190} INFO - [2026-08-12T04:36:05.176+0000] {dag.py:4138} INFO - Setting next_dagrun for dataset_consumes_unknown_never_scheduled to None, run_after=None
[2026-08-12T04:36:05.179+0000] {logging_mixin.py:190} INFO - [2026-08-12T04:36:05.179+0000] {dag.py:4138} INFO - Setting next_dagrun for dataset_produces_1 to 2026-08-11 00:00:00+00:00, run_after=2026-08-12 00:00:00+00:00
[2026-08-12T04:36:05.182+0000] {logging_mixin.py:190} INFO - [2026-08-12T04:36:05.182+0000] {dag.py:4138} INFO - Setting next_dagrun for dataset_produces_2 to None, run_after=None
[2026-08-12T04:36:05.218+0000] {processor.py:208} INFO - Processing /home/airflow/.local/lib/python3.12/site-packages/airflow/example_dags/example_datasets.py took 0.346 seconds
[2026-08-12T04:36:35.306+0000] {processor.py:186} INFO - Started process (PID=493) to work on /home/airflow/.local/lib/python3.12/site-packages/airflow/example_dags/example_datasets.py
[2026-08-12T04:36:35.308+0000] {processor.py:914} INFO - Processing file /home/airflow/.local/lib/python3.12/site-packages/airflow/example_dags/example_datasets.py for tasks to queue
[2026-08-12T04:36:35.311+0000] {logging_mixin.py:190} INFO - [2026-08-12T04:36:35.311+0000] {dagbag.py:587} INFO - Filling up the DagBag from /home/airflow/.local/lib/python3.12/site-packages/airflow/example_dags/example_datasets.py
[2026-08-12T04:36:35.472+0000] {processor.py:925} INFO - DAG(s) 'consume_1_or_both_2_and_3_with_dataset_expressions', 'dataset_consumes_unknown_never_scheduled', 'dataset_consumes_1', 'consume_1_and_2_with_dataset_expressions', 'dataset_consumes_1_and_2', 'dataset_produces_1', 'conditional_dataset_and_time_based_timetable', 'consume_1_or_2_with_dataset_expressions', 'dataset_produces_2', 'dataset_consumes_1_never_scheduled' retrieved from /home/airflow/.local/lib/python3.12/site-packages/airflow/example_dags/example_datasets.py
[2026-08-12T04:36:35.517+0000] {logging_mixin.py:190} INFO - [2026-08-12T04:36:35.517+0000] {dag.py:3211} INFO - Sync 10 DAGs
[2026-08-12T04:36:35.547+0000] {logging_mixin.py:190} INFO - [2026-08-12T04:36:35.547+0000] {dag.py:4138} INFO - Setting next_dagrun for conditional_dataset_and_time_based_timetable to 2026-08-12 01:00:00+00:00, run_after=2026-08-12 01:00:00+00:00
[2026-08-12T04:36:35.552+0000] {logging_mixin.py:190} INFO - [2026-08-12T04:36:35.552+0000] {dag.py:4138} INFO - Setting next_dagrun for consume_1_and_2_with_dataset_expressions to None, run_after=None
[2026-08-12T04:36:35.556+0000] {logging_mixin.py:190} INFO - [2026-08-12T04:36:35.556+0000] {dag.py:4138} INFO - Setting next_dagrun for consume_1_or_2_with_dataset_expressions to None, run_after=None
[2026-08-12T04:36:35.558+0000] {logging_mixin.py:190} INFO - [2026-08-12T04:36:35.558+0000] {dag.py:4138} INFO - Setting next_dagrun for consume_1_or_both_2_and_3_with_dataset_expressions to None, run_after=None
[2026-08-12T04:36:35.561+0000] {logging_mixin.py:190} INFO - [2026-08-12T04:36:35.560+0000] {dag.py:4138} INFO - Setting next_dagrun for dataset_consumes_1 to None, run_after=None
[2026-08-12T04:36:35.563+0000] {logging_mixin.py:190} INFO - [2026-08-12T04:36:35.563+0000] {dag.py:4138} INFO - Setting next_dagrun for dataset_consumes_1_and_2 to None, run_after=None
[2026-08-12T04:36:35.565+0000] {logging_mixin.py:190} INFO - [2026-08-12T04:36:35.565+0000] {dag.py:4138} INFO - Setting next_dagrun for dataset_consumes_1_never_scheduled to None, run_after=None
[2026-08-12T04:36:35.568+0000] {logging_mixin.py:190} INFO - [2026-08-12T04:36:35.568+0000] {dag.py:4138} INFO - Setting next_dagrun for dataset_consumes_unknown_never_scheduled to None, run_after=None
[2026-08-12T04:36:35.572+0000] {logging_mixin.py:190} INFO - [2026-08-12T04:36:35.572+0000] {dag.py:4138} INFO - Setting next_dagrun for dataset_produces_1 to 2026-08-11 00:00:00+00:00, run_after=2026-08-12 00:00:00+00:00
[2026-08-12T04:36:35.574+0000] {logging_mixin.py:190} INFO - [2026-08-12T04:36:35.574+0000] {dag.py:4138} INFO - Setting next_dagrun for dataset_produces_2 to None, run_after=None
[2026-08-12T04:36:35.614+0000] {processor.py:208} INFO - Processing /home/airflow/.local/lib/python3.12/site-packages/airflow/example_dags/example_datasets.py took 0.314 seconds
[2026-08-12T04:37:06.057+0000] {processor.py:186} INFO - Started process (PID=553) to work on /home/airflow/.local/lib/python3.12/site-packages/airflow/example_dags/example_datasets.py
[2026-08-12T04:37:06.058+0000] {processor.py:914} INFO - Processing file /home/airflow/.local/lib/python3.12/site-packages/airflow/example_dags/example_datasets.py for tasks to queue
[2026-08-12T04:37:06.061+0000] {logging_mixin.py:190} INFO - [2026-08-12T04:37:06.061+0000] {dagbag.py:587} INFO - Filling up the DagBag from /home/airflow/.local/lib/python3.12/site-packages/airflow/example_dags/example_datasets.py
[2026-08-12T04:37:06.226+0000] {processor.py:925} INFO - DAG(s) 'dataset_consumes_1_and_2', 'conditional_dataset_and_time_based_timetable', 'consume_1_or_both_2_and_3_with_dataset_expressions', 'consume_1_or_2_with_dataset_expressions', 'dataset_consumes_1', 'dataset_produces_2', 'dataset_produces_1', 'dataset_consumes_unknown_never_scheduled', 'dataset_consumes_1_never_scheduled', 'consume_1_and_2_with_dataset_expressions' retrieved from /home/airflow/.local/lib/python3.12/site-packages/airflow/example_dags/example_datasets.py
[2026-08-12T04:37:06.271+0000] {logging_mixin.py:190} INFO - [2026-08-12T04:37:06.271+0000] {dag.py:3211} INFO - Sync 10 DAGs
[2026-08-12T04:37:06.304+0000] {logging_mixin.py:190} INFO - [2026-08-12T04:37:06.304+0000] {dag.py:4138} INFO - Setting next_dagrun for conditional_dataset_and_time_based_timetable to 2026-08-12 01:00:00+00:00, run_after=2026-08-12 01:00:00+00:00
[2026-08-12T04:37:06.309+0000] {logging_mixin.py:190} INFO - [2026-08-12T04:37:06.309+0000] {dag.py:4138} INFO - Setting next_dagrun for consume_1_and_2_with_dataset_expressions to None, run_after=None
[2026-08-12T04:37:06.312+0000] {logging_mixin.py:190} INFO - [2026-08-12T04:37:06.312+0000] {dag.py:4138} INFO - Setting next_dagrun for consume_1_or_2_with_dataset_expressions to None, run_after=None
[2026-08-12T04:37:06.314+0000] {logging_mixin.py:190} INFO - [2026-08-12T04:37:06.314+0000] {dag.py:4138} INFO - Setting next_dagrun for consume_1_or_both_2_and_3_with_dataset_expressions to None, run_after=None
[2026-08-12T04:37:06.316+0000] {logging_mixin.py:190} INFO - [2026-08-12T04:37:06.316+0000] {dag.py:4138} INFO - Setting next_dagrun for dataset_consumes_1 to None, run_after=None
[2026-08-12T04:37:06.320+0000] {logging_mixin.py:190} INFO - [2026-08-12T04:37:06.319+0000] {dag.py:4138} INFO - Setting next_dagrun for dataset_consumes_1_and_2 to None, run_after=None
[2026-08-12T04:37:06.322+0000] {logging_mixin.py:190} INFO - [2026-08-12T04:37:06.322+0000] {dag.py:4138} INFO - Setting next_dagrun for dataset_consumes_1_never_scheduled to None, run_after=None
[2026-08-12T04:37:06.325+0000] {logging_mixin.py:190} INFO - [2026-08-12T04:37:06.325+0000] {dag.py:4138} INFO - Setting next_dagrun for dataset_consumes_unknown_never_scheduled to None, run_after=None
[2026-08-12T04:37:06.328+0000] {logging_mixin.py:190} INFO - [2026-08-12T04:37:06.328+0000] {dag.py:4138} INFO - Setting next_dagrun for dataset_produces_1 to 2026-08-11 00:00:00+00:00, run_after=2026-08-12 00:00:00+00:00
[2026-08-12T04:37:06.330+0000] {logging_mixin.py:190} INFO - [2026-08-12T04:37:06.330+0000] {dag.py:4138} INFO - Setting next_dagrun for dataset_produces_2 to None, run_after=None
[2026-08-12T04:37:06.368+0000] {processor.py:208} INFO - Processing /home/airflow/.local/lib/python3.12/site-packages/airflow/example_dags/example_datasets.py took 0.317 seconds
[2026-08-12T04:37:37.009+0000] {processor.py:186} INFO - Started process (PID=615) to work on /home/airflow/.local/lib/python3.12/site-packages/airflow/example_dags/example_datasets.py
[2026-08-12T04:37:37.011+0000] {processor.py:914} INFO - Processing file /home/airflow/.local/lib/python3.12/site-packages/airflow/example_dags/example_datasets.py for tasks to queue
[2026-08-12T04:37:37.015+0000] {logging_mixin.py:190} INFO - [2026-08-12T04:37:37.014+0000] {dagbag.py:587} INFO - Filling up the DagBag from /home/airflow/.local/lib/python3.12/site-packages/airflow/example_dags/example_datasets.py
[2026-08-12T04:37:37.163+0000] {processor.py:925} INFO - DAG(s) 'dataset_consumes_1_and_2', 'consume_1_and_2_with_dataset_expressions', 'consume_1_or_2_with_dataset_expressions', 'dataset_consumes_1_never_scheduled', 'consume_1_or_both_2_and_3_with_dataset_expressions', 'dataset_consumes_1', 'dataset_produces_1', 'dataset_consumes_unknown_never_scheduled', 'conditional_dataset_and_time_based_timetable', 'dataset_produces_2' retrieved from /home/airflow/.local/lib/python3.12/site-packages/airflow/example_dags/example_datasets.py
[2026-08-12T04:37:37.213+0000] {logging_mixin.py:190} INFO - [2026-08-12T04:37:37.213+0000] {dag.py:3211} INFO - Sync 10 DAGs
[2026-08-12T04:37:37.244+0000] {logging_mixin.py:190} INFO - [2026-08-12T04:37:37.244+0000] {dag.py:4138} INFO - Setting next_dagrun for conditional_dataset_and_time_based_timetable to 2026-08-12 01:00:00+00:00, run_after=2026-08-12 01:00:00+00:00
[2026-08-12T04:37:37.250+0000] {logging_mixin.py:190} INFO - [2026-08-12T04:37:37.250+0000] {dag.py:4138} INFO - Setting next_dagrun for consume_1_and_2_with_dataset_expressions to None, run_after=None
[2026-08-12T04:37:37.253+0000] {logging_mixin.py:190} INFO - [2026-08-12T04:37:37.253+0000] {dag.py:4138} INFO - Setting next_dagrun for consume_1_or_2_with_dataset_expressions to None, run_after=None
[2026-08-12T04:37:37.255+0000] {logging_mixin.py:190} INFO - [2026-08-12T04:37:37.255+0000] {dag.py:4138} INFO - Setting next_dagrun for consume_1_or_both_2_and_3_with_dataset_expressions to None, run_after=None
[2026-08-12T04:37:37.258+0000] {logging_mixin.py:190} INFO - [2026-08-12T04:37:37.258+0000] {dag.py:4138} INFO - Setting next_dagrun for dataset_consumes_1 to None, run_after=None
[2026-08-12T04:37:37.261+0000] {logging_mixin.py:190} INFO - [2026-08-12T04:37:37.261+0000] {dag.py:4138} INFO - Setting next_dagrun for dataset_consumes_1_and_2 to None, run_after=None
[2026-08-12T04:37:37.263+0000] {logging_mixin.py:190} INFO - [2026-08-12T04:37:37.263+0000] {dag.py:4138} INFO - Setting next_dagrun for dataset_consumes_1_never_scheduled to None, run_after=None
[2026-08-12T04:37:37.265+0000] {logging_mixin.py:190} INFO - [2026-08-12T04:37:37.265+0000] {dag.py:4138} INFO - Setting next_dagrun for dataset_consumes_unknown_never_scheduled to None, run_after=None
[2026-08-12T04:37:37.269+0000] {logging_mixin.py:190} INFO - [2026-08-12T04:37:37.269+0000] {dag.py:4138} INFO - Setting next_dagrun for dataset_produces_1 to 2026-08-11 00:00:00+00:00, run_after=2026-08-12 00:00:00+00:00
[2026-08-12T04:37:37.271+0000] {logging_mixin.py:190} INFO - [2026-08-12T04:37:37.271+0000] {dag.py:4138} INFO - Setting next_dagrun for dataset_produces_2 to None, run_after=None
[2026-08-12T04:37:37.308+0000] {processor.py:208} INFO - Processing /home/airflow/.local/lib/python3.12/site-packages/airflow/example_dags/example_datasets.py took 0.308 seconds
[2026-08-12T04:38:07.575+0000] {processor.py:186} INFO - Started process (PID=677) to work on /home/airflow/.local/lib/python3.12/site-packages/airflow/example_dags/example_datasets.py
[2026-08-12T04:38:07.577+0000] {processor.py:914} INFO - Processing file /home/airflow/.local/lib/python3.12/site-packages/airflow/example_dags/example_datasets.py for tasks to queue
[2026-08-12T04:38:07.581+0000] {logging_mixin.py:190} INFO - [2026-08-12T04:38:07.580+0000] {dagbag.py:587} INFO - Filling up the DagBag from /home/airflow/.local/lib/python3.12/site-packages/airflow/example_dags/example_datasets.py
[2026-08-12T04:38:07.777+0000] {processor.py:925} INFO - DAG(s) 'consume_1_or_both_2_and_3_with_dataset_expressions', 'dataset_consumes_1_never_scheduled', 'dataset_consumes_1', 'dataset_consumes_unknown_never_scheduled', 'dataset_produces_2', 'consume_1_and_2_with_dataset_expressions', 'consume_1_or_2_with_dataset_expressions', 'dataset_produces_1', 'conditional_dataset_and_time_based_timetable', 'dataset_consumes_1_and_2' retrieved from /home/airflow/.local/lib/python3.12/site-packages/airflow/example_dags/example_datasets.py
[2026-08-12T04:38:07.830+0000] {logging_mixin.py:190} INFO - [2026-08-12T04:38:07.830+0000] {dag.py:3211} INFO - Sync 10 DAGs
[2026-08-12T04:38:07.863+0000] {logging_mixin.py:190} INFO - [2026-08-12T04:38:07.863+0000] {dag.py:4138} INFO - Setting next_dagrun for conditional_dataset_and_time_based_timetable to 2026-08-12 01:00:00+00:00, run_after=2026-08-12 01:00:00+00:00
[2026-08-12T04:38:07.868+0000] {logging_mixin.py:190} INFO - [2026-08-12T04:38:07.868+0000] {dag.py:4138} INFO - Setting next_dagrun for consume_1_and_2_with_dataset_expressions to None, run_after=None
[2026-08-12T04:38:07.870+0000] {logging_mixin.py:190} INFO - [2026-08-12T04:38:07.870+0000] {dag.py:4138} INFO - Setting next_dagrun for consume_1_or_2_with_dataset_expressions to None, run_after=None
[2026-08-12T04:38:07.873+0000] {logging_mixin.py:190} INFO - [2026-08-12T04:38:07.873+0000] {dag.py:4138} INFO - Setting next_dagrun for consume_1_or_both_2_and_3_with_dataset_expressions to None, run_after=None
[2026-08-12T04:38:07.876+0000] {logging_mixin.py:190} INFO - [2026-08-12T04:38:07.876+0000] {dag.py:4138} INFO - Setting next_dagrun for dataset_consumes_1 to None, run_after=None
[2026-08-12T04:38:07.879+0000] {logging_mixin.py:190} INFO - [2026-08-12T04:38:07.878+0000] {dag.py:4138} INFO - Setting next_dagrun for dataset_consumes_1_and_2 to None, run_after=None
[2026-08-12T04:38:07.881+0000] {logging_mixin.py:190} INFO - [2026-08-12T04:38:07.881+0000] {dag.py:4138} INFO - Setting next_dagrun for dataset_consumes_1_never_scheduled to None, run_after=None
[2026-08-12T04:38:07.884+0000] {logging_mixin.py:190} INFO - [2026-08-12T04:38:07.884+0000] {dag.py:4138} INFO - Setting next_dagrun for dataset_consumes_unknown_never_scheduled to None, run_after=None
[2026-08-12T04:38:07.889+0000] {logging_mixin.py:190} INFO - [2026-08-12T04:38:07.889+0000] {dag.py:4138} INFO - Setting next_dagrun for dataset_produces_1 to 2026-08-11 00:00:00+00:00, run_after=2026-08-12 00:00:00+00:00
[2026-08-12T04:38:07.892+0000] {logging_mixin.py:190} INFO - [2026-08-12T04:38:07.891+0000] {dag.py:4138} INFO - Setting next_dagrun for dataset_produces_2 to None, run_after=None
[2026-08-12T04:38:07.933+0000] {processor.py:208} INFO - Processing /home/airflow/.local/lib/python3.12/site-packages/airflow/example_dags/example_datasets.py took 0.365 seconds
[2026-08-12T04:38:38.222+0000] {processor.py:186} INFO - Started process (PID=739) to work on /home/airflow/.local/lib/python3.12/site-packages/airflow/example_dags/example_datasets.py
[2026-08-12T04:38:38.224+0000] {processor.py:914} INFO - Processing file /home/airflow/.local/lib/python3.12/site-packages/airflow/example_dags/example_datasets.py for tasks to queue
[2026-08-12T04:38:38.227+0000] {logging_mixin.py:190} INFO - [2026-08-12T04:38:38.227+0000] {dagbag.py:587} INFO - Filling up the DagBag from /home/airflow/.local/lib/python3.12/site-packages/airflow/example_dags/example_datasets.py
[2026-08-12T04:38:38.392+0000] {processor.py:925} INFO - DAG(s) 'consume_1_or_2_with_dataset_expressions', 'conditional_dataset_and_time_based_timetable', 'dataset_consumes_1', 'consume_1_or_both_2_and_3_with_dataset_expressions', 'dataset_consumes_unknown_never_scheduled', 'consume_1_and_2_with_dataset_expressions', 'dataset_produces_2', 'dataset_consumes_1_never_scheduled', 'dataset_consumes_1_and_2', 'dataset_produces_1' retrieved from /home/airflow/.local/lib/python3.12/site-packages/airflow/example_dags/example_datasets.py
[2026-08-12T04:38:38.437+0000] {logging_mixin.py:190} INFO - [2026-08-12T04:38:38.436+0000] {dag.py:3211} INFO - Sync 10 DAGs
[2026-08-12T04:38:38.464+0000] {logging_mixin.py:190} INFO - [2026-08-12T04:38:38.464+0000] {dag.py:4138} INFO - Setting next_dagrun for conditional_dataset_and_time_based_timetable to 2026-08-12 01:00:00+00:00, run_after=2026-08-12 01:00:00+00:00
[2026-08-12T04:38:38.469+0000] {logging_mixin.py:190} INFO - [2026-08-12T04:38:38.469+0000] {dag.py:4138} INFO - Setting next_dagrun for consume_1_and_2_with_dataset_expressions to None, run_after=None
[2026-08-12T04:38:38.472+0000] {logging_mixin.py:190} INFO - [2026-08-12T04:38:38.471+0000] {dag.py:4138} INFO - Setting next_dagrun for consume_1_or_2_with_dataset_expressions to None, run_after=None
[2026-08-12T04:38:38.474+0000] {logging_mixin.py:190} INFO - [2026-08-12T04:38:38.474+0000] {dag.py:4138} INFO - Setting next_dagrun for consume_1_or_both_2_and_3_with_dataset_expressions to None, run_after=None
[2026-08-12T04:38:38.477+0000] {logging_mixin.py:190} INFO - [2026-08-12T04:38:38.476+0000] {dag.py:4138} INFO - Setting next_dagrun for dataset_consumes_1 to None, run_after=None
[2026-08-12T04:38:38.479+0000] {logging_mixin.py:190} INFO - [2026-08-12T04:38:38.479+0000] {dag.py:4138} INFO - Setting next_dagrun for dataset_consumes_1_and_2 to None, run_after=None
[2026-08-12T04:38:38.482+0000] {logging_mixin.py:190} INFO - [2026-08-12T04:38:38.481+0000] {dag.py:4138} INFO - Setting next_dagrun for dataset_consumes_1_never_scheduled to None, run_after=None
[2026-08-12T04:38:38.484+0000] {logging_mixin.py:190} INFO - [2026-08-12T04:38:38.483+0000] {dag.py:4138} INFO - Setting next_dagrun for dataset_consumes_unknown_never_scheduled to None, run_after=None
[2026-08-12T04:38:38.487+0000] {logging_mixin.py:190} INFO - [2026-08-12T04:38:38.486+0000] {dag.py:4138} INFO - Setting next_dagrun for dataset_produces_1 to 2026-08-11 00:00:00+00:00, run_after=2026-08-12 00:00:00+00:00
[2026-08-12T04:38:38.489+0000] {logging_mixin.py:190} INFO - [2026-08-12T04:38:38.489+0000] {dag.py:4138} INFO - Setting next_dagrun for dataset_produces_2 to None, run_after=None
[2026-08-12T04:38:38.526+0000] {processor.py:208} INFO - Processing /home/airflow/.local/lib/python3.12/site-packages/airflow/example_dags/example_datasets.py took 0.309 seconds
[2026-08-12T04:39:09.324+0000] {processor.py:186} INFO - Started process (PID=801) to work on /home/airflow/.local/lib/python3.12/site-packages/airflow/example_dags/example_datasets.py
[2026-08-12T04:39:09.326+0000] {processor.py:914} INFO - Processing file /home/airflow/.local/lib/python3.12/site-packages/airflow/example_dags/example_datasets.py for tasks to queue
[2026-08-12T04:39:09.329+0000] {logging_mixin.py:190} INFO - [2026-08-12T04:39:09.329+0000] {dagbag.py:587} INFO - Filling up the DagBag from /home/airflow/.local/lib/python3.12/site-packages/airflow/example_dags/example_datasets.py
[2026-08-12T04:39:09.541+0000] {processor.py:925} INFO - DAG(s) 'consume_1_or_2_with_dataset_expressions', 'dataset_produces_1', 'dataset_consumes_1', 'consume_1_and_2_with_dataset_expressions', 'consume_1_or_both_2_and_3_with_dataset_expressions', 'dataset_consumes_1_never_scheduled', 'conditional_dataset_and_time_based_timetable', 'dataset_consumes_1_and_2', 'dataset_consumes_unknown_never_scheduled', 'dataset_produces_2' retrieved from /home/airflow/.local/lib/python3.12/site-packages/airflow/example_dags/example_datasets.py
[2026-08-12T04:39:09.600+0000] {logging_mixin.py:190} INFO - [2026-08-12T04:39:09.600+0000] {dag.py:3211} INFO - Sync 10 DAGs
[2026-08-12T04:39:09.630+0000] {logging_mixin.py:190} INFO - [2026-08-12T04:39:09.630+0000] {dag.py:4138} INFO - Setting next_dagrun for conditional_dataset_and_time_based_timetable to 2026-08-12 01:00:00+00:00, run_after=2026-08-12 01:00:00+00:00
[2026-08-12T04:39:09.634+0000] {logging_mixin.py:190} INFO - [2026-08-12T04:39:09.634+0000] {dag.py:4138} INFO - Setting next_dagrun for consume_1_and_2_with_dataset_expressions to None, run_after=None
[2026-08-12T04:39:09.638+0000] {logging_mixin.py:190} INFO - [2026-08-12T04:39:09.637+0000] {dag.py:4138} INFO - Setting next_dagrun for consume_1_or_2_with_dataset_expressions to None, run_after=None
[2026-08-12T04:39:09.642+0000] {logging_mixin.py:190} INFO - [2026-08-12T04:39:09.641+0000] {dag.py:4138} INFO - Setting next_dagrun for consume_1_or_both_2_and_3_with_dataset_expressions to None, run_after=None
[2026-08-12T04:39:09.644+0000] {logging_mixin.py:190} INFO - [2026-08-12T04:39:09.644+0000] {dag.py:4138} INFO - Setting next_dagrun for dataset_consumes_1 to None, run_after=None
[2026-08-12T04:39:09.646+0000] {logging_mixin.py:190} INFO - [2026-08-12T04:39:09.646+0000] {dag.py:4138} INFO - Setting next_dagrun for dataset_consumes_1_and_2 to None, run_after=None
[2026-08-12T04:39:09.649+0000] {logging_mixin.py:190} INFO - [2026-08-12T04:39:09.648+0000] {dag.py:4138} INFO - Setting next_dagrun for dataset_consumes_1_never_scheduled to None, run_after=None
[2026-08-12T04:39:09.651+0000] {logging_mixin.py:190} INFO - [2026-08-12T04:39:09.651+0000] {dag.py:4138} INFO - Setting next_dagrun for dataset_consumes_unknown_never_scheduled to None, run_after=None
[2026-08-12T04:39:09.654+0000] {logging_mixin.py:190} INFO - [2026-08-12T04:39:09.654+0000] {dag.py:4138} INFO - Setting next_dagrun for dataset_produces_1 to 2026-08-11 00:00:00+00:00, run_after=2026-08-12 00:00:00+00:00
[2026-08-12T04:39:09.658+0000] {logging_mixin.py:190} INFO - [2026-08-12T04:39:09.658+0000] {dag.py:4138} INFO - Setting next_dagrun for dataset_produces_2 to None, run_after=None
[2026-08-12T04:39:09.723+0000] {processor.py:208} INFO - Processing /home/airflow/.local/lib/python3.12/site-packages/airflow/example_dags/example_datasets.py took 0.404 seconds
[2026-08-12T04:39:39.980+0000] {processor.py:186} INFO - Started process (PID=865) to work on /home/airflow/.local/lib/python3.12/site-packages/airflow/example_dags/example_datasets.py
[2026-08-12T04:39:39.982+0000] {processor.py:914} INFO - Processing file /home/airflow/.local/lib/python3.12/site-packages/airflow/example_dags/example_datasets.py for tasks to queue
[2026-08-12T04:39:39.986+0000] {logging_mixin.py:190} INFO - [2026-08-12T04:39:39.986+0000] {dagbag.py:587} INFO - Filling up the DagBag from /home/airflow/.local/lib/python3.12/site-packages/airflow/example_dags/example_datasets.py
[2026-08-12T04:39:40.178+0000] {processor.py:925} INFO - DAG(s) 'conditional_dataset_and_time_based_timetable', 'dataset_consumes_1_never_scheduled', 'dataset_produces_2', 'dataset_produces_1', 'dataset_consumes_unknown_never_scheduled', 'consume_1_or_both_2_and_3_with_dataset_expressions', 'dataset_consumes_1_and_2', 'consume_1_or_2_with_dataset_expressions', 'consume_1_and_2_with_dataset_expressions', 'dataset_consumes_1' retrieved from /home/airflow/.local/lib/python3.12/site-packages/airflow/example_dags/example_datasets.py
[2026-08-12T04:39:40.237+0000] {logging_mixin.py:190} INFO - [2026-08-12T04:39:40.237+0000] {dag.py:3211} INFO - Sync 10 DAGs
[2026-08-12T04:39:40.266+0000] {logging_mixin.py:190} INFO - [2026-08-12T04:39:40.265+0000] {dag.py:4138} INFO - Setting next_dagrun for conditional_dataset_and_time_based_timetable to 2026-08-12 01:00:00+00:00, run_after=2026-08-12 01:00:00+00:00
[2026-08-12T04:39:40.270+0000] {logging_mixin.py:190} INFO - [2026-08-12T04:39:40.270+0000] {dag.py:4138} INFO - Setting next_dagrun for consume_1_and_2_with_dataset_expressions to None, run_after=None
[2026-08-12T04:39:40.273+0000] {logging_mixin.py:190} INFO - [2026-08-12T04:39:40.273+0000] {dag.py:4138} INFO - Setting next_dagrun for consume_1_or_2_with_dataset_expressions to None, run_after=None
[2026-08-12T04:39:40.276+0000] {logging_mixin.py:190} INFO - [2026-08-12T04:39:40.275+0000] {dag.py:4138} INFO - Setting next_dagrun for consume_1_or_both_2_and_3_with_dataset_expressions to None, run_after=None
[2026-08-12T04:39:40.278+0000] {logging_mixin.py:190} INFO - [2026-08-12T04:39:40.278+0000] {dag.py:4138} INFO - Setting next_dagrun for dataset_consumes_1 to None, run_after=None
[2026-08-12T04:39:40.280+0000] {logging_mixin.py:190} INFO - [2026-08-12T04:39:40.280+0000] {dag.py:4138} INFO - Setting next_dagrun for dataset_consumes_1_and_2 to None, run_after=None
[2026-08-12T04:39:40.282+0000] {logging_mixin.py:190} INFO - [2026-08-12T04:39:40.282+0000] {dag.py:4138} INFO - Setting next_dagrun for dataset_consumes_1_never_scheduled to None, run_after=None
[2026-08-12T04:39:40.284+0000] {logging_mixin.py:190} INFO - [2026-08-12T04:39:40.284+0000] {dag.py:4138} INFO - Setting next_dagrun for dataset_consumes_unknown_never_scheduled to None, run_after=None
[2026-08-12T04:39:40.288+0000] {logging_mixin.py:190} INFO - [2026-08-12T04:39:40.288+0000] {dag.py:4138} INFO - Setting next_dagrun for dataset_produces_1 to 2026-08-11 00:00:00+00:00, run_after=2026-08-12 00:00:00+00:00
[2026-08-12T04:39:40.291+0000] {logging_mixin.py:190} INFO - [2026-08-12T04:39:40.290+0000] {dag.py:4138} INFO - Setting next_dagrun for dataset_produces_2 to None, run_after=None
[2026-08-12T04:39:40.337+0000] {processor.py:208} INFO - Processing /home/airflow/.local/lib/python3.12/site-packages/airflow/example_dags/example_datasets.py took 0.365 seconds
[2026-08-12T04:40:10.574+0000] {processor.py:186} INFO - Started process (PID=925) to work on /home/airflow/.local/lib/python3.12/site-packages/airflow/example_dags/example_datasets.py
[2026-08-12T04:40:10.577+0000] {processor.py:914} INFO - Processing file /home/airflow/.local/lib/python3.12/site-packages/airflow/example_dags/example_datasets.py for tasks to queue
[2026-08-12T04:40:10.581+0000] {logging_mixin.py:190} INFO - [2026-08-12T04:40:10.581+0000] {dagbag.py:587} INFO - Filling up the DagBag from /home/airflow/.local/lib/python3.12/site-packages/airflow/example_dags/example_datasets.py
[2026-08-12T04:40:10.831+0000] {processor.py:925} INFO - DAG(s) 'consume_1_or_2_with_dataset_expressions', 'dataset_consumes_1_and_2', 'dataset_consumes_1_never_scheduled', 'conditional_dataset_and_time_based_timetable', 'consume_1_and_2_with_dataset_expressions', 'dataset_produces_2', 'dataset_consumes_unknown_never_scheduled', 'dataset_produces_1', 'consume_1_or_both_2_and_3_with_dataset_expressions', 'dataset_consumes_1' retrieved from /home/airflow/.local/lib/python3.12/site-packages/airflow/example_dags/example_datasets.py
[2026-08-12T04:40:10.897+0000] {logging_mixin.py:190} INFO - [2026-08-12T04:40:10.897+0000] {dag.py:3211} INFO - Sync 10 DAGs
[2026-08-12T04:40:10.927+0000] {logging_mixin.py:190} INFO - [2026-08-12T04:40:10.926+0000] {dag.py:4138} INFO - Setting next_dagrun for conditional_dataset_and_time_based_timetable to 2026-08-12 01:00:00+00:00, run_after=2026-08-12 01:00:00+00:00
[2026-08-12T04:40:10.931+0000] {logging_mixin.py:190} INFO - [2026-08-12T04:40:10.931+0000] {dag.py:4138} INFO - Setting next_dagrun for consume_1_and_2_with_dataset_expressions to None, run_after=None
[2026-08-12T04:40:10.934+0000] {logging_mixin.py:190} INFO - [2026-08-12T04:40:10.934+0000] {dag.py:4138} INFO - Setting next_dagrun for consume_1_or_2_with_dataset_expressions to None, run_after=None
[2026-08-12T04:40:10.936+0000] {logging_mixin.py:190} INFO - [2026-08-12T04:40:10.936+0000] {dag.py:4138} INFO - Setting next_dagrun for consume_1_or_both_2_and_3_with_dataset_expressions to None, run_after=None
[2026-08-12T04:40:10.939+0000] {logging_mixin.py:190} INFO - [2026-08-12T04:40:10.938+0000] {dag.py:4138} INFO - Setting next_dagrun for dataset_consumes_1 to None, run_after=None
[2026-08-12T04:40:10.941+0000] {logging_mixin.py:190} INFO - [2026-08-12T04:40:10.941+0000] {dag.py:4138} INFO - Setting next_dagrun for dataset_consumes_1_and_2 to None, run_after=None
[2026-08-12T04:40:10.944+0000] {logging_mixin.py:190} INFO - [2026-08-12T04:40:10.943+0000] {dag.py:4138} INFO - Setting next_dagrun for dataset_consumes_1_never_scheduled to None, run_after=None
[2026-08-12T04:40:10.947+0000] {logging_mixin.py:190} INFO - [2026-08-12T04:40:10.946+0000] {dag.py:4138} INFO - Setting next_dagrun for dataset_consumes_unknown_never_scheduled to None, run_after=None
[2026-08-12T04:40:10.950+0000] {logging_mixin.py:190} INFO - [2026-08-12T04:40:10.950+0000] {dag.py:4138} INFO - Setting next_dagrun for dataset_produces_1 to 2026-08-11 00:00:00+00:00, run_after=2026-08-12 00:00:00+00:00
[2026-08-12T04:40:10.953+0000] {logging_mixin.py:190} INFO - [2026-08-12T04:40:10.952+0000] {dag.py:4138} INFO - Setting next_dagrun for dataset_produces_2 to None, run_after=None
[2026-08-12T04:40:10.993+0000] {processor.py:208} INFO - Processing /home/airflow/.local/lib/python3.12/site-packages/airflow/example_dags/example_datasets.py took 0.429 seconds
[2026-08-12T04:40:41.222+0000] {processor.py:186} INFO - Started process (PID=987) to work on /home/airflow/.local/lib/python3.12/site-packages/airflow/example_dags/example_datasets.py
[2026-08-12T04:40:41.224+0000] {processor.py:914} INFO - Processing file /home/airflow/.local/lib/python3.12/site-packages/airflow/example_dags/example_datasets.py for tasks to queue
[2026-08-12T04:40:41.228+0000] {logging_mixin.py:190} INFO - [2026-08-12T04:40:41.227+0000] {dagbag.py:587} INFO - Filling up the DagBag from /home/airflow/.local/lib/python3.12/site-packages/airflow/example_dags/example_datasets.py
[2026-08-12T04:40:41.422+0000] {processor.py:925} INFO - DAG(s) 'dataset_produces_2', 'dataset_produces_1', 'consume_1_and_2_with_dataset_expressions', 'conditional_dataset_and_time_based_timetable', 'dataset_consumes_1_never_scheduled', 'dataset_consumes_unknown_never_scheduled', 'consume_1_or_both_2_and_3_with_dataset_expressions', 'dataset_consumes_1_and_2', 'consume_1_or_2_with_dataset_expressions', 'dataset_consumes_1' retrieved from /home/airflow/.local/lib/python3.12/site-packages/airflow/example_dags/example_datasets.py
[2026-08-12T04:40:41.471+0000] {logging_mixin.py:190} INFO - [2026-08-12T04:40:41.471+0000] {dag.py:3211} INFO - Sync 10 DAGs
[2026-08-12T04:40:41.506+0000] {logging_mixin.py:190} INFO - [2026-08-12T04:40:41.506+0000] {dag.py:4138} INFO - Setting next_dagrun for conditional_dataset_and_time_based_timetable to 2026-08-12 01:00:00+00:00, run_after=2026-08-12 01:00:00+00:00
[2026-08-12T04:40:41.516+0000] {logging_mixin.py:190} INFO - [2026-08-12T04:40:41.515+0000] {dag.py:4138} INFO - Setting next_dagrun for consume_1_and_2_with_dataset_expressions to None, run_after=None
[2026-08-12T04:40:41.518+0000] {logging_mixin.py:190} INFO - [2026-08-12T04:40:41.518+0000] {dag.py:4138} INFO - Setting next_dagrun for consume_1_or_2_with_dataset_expressions to None, run_after=None
[2026-08-12T04:40:41.521+0000] {logging_mixin.py:190} INFO - [2026-08-12T04:40:41.521+0000] {dag.py:4138} INFO - Setting next_dagrun for consume_1_or_both_2_and_3_with_dataset_expressions to None, run_after=None
[2026-08-12T04:40:41.523+0000] {logging_mixin.py:190} INFO - [2026-08-12T04:40:41.523+0000] {dag.py:4138} INFO - Setting next_dagrun for dataset_consumes_1 to None, run_after=None
[2026-08-12T04:40:41.526+0000] {logging_mixin.py:190} INFO - [2026-08-12T04:40:41.525+0000] {dag.py:4138} INFO - Setting next_dagrun for dataset_consumes_1_and_2 to None, run_after=None
[2026-08-12T04:40:41.528+0000] {logging_mixin.py:190} INFO - [2026-08-12T04:40:41.528+0000] {dag.py:4138} INFO - Setting next_dagrun for dataset_consumes_1_never_scheduled to None, run_after=None
[2026-08-12T04:40:41.530+0000] {logging_mixin.py:190} INFO - [2026-08-12T04:40:41.530+0000] {dag.py:4138} INFO - Setting next_dagrun for dataset_consumes_unknown_never_scheduled to None, run_after=None
[2026-08-12T04:40:41.534+0000] {logging_mixin.py:190} INFO - [2026-08-12T04:40:41.534+0000] {dag.py:4138} INFO - Setting next_dagrun for dataset_produces_1 to 2026-08-11 00:00:00+00:00, run_after=2026-08-12 00:00:00+00:00
[2026-08-12T04:40:41.536+0000] {logging_mixin.py:190} INFO - [2026-08-12T04:40:41.536+0000] {dag.py:4138} INFO - Setting next_dagrun for dataset_produces_2 to None, run_after=None
[2026-08-12T04:40:41.573+0000] {processor.py:208} INFO - Processing /home/airflow/.local/lib/python3.12/site-packages/airflow/example_dags/example_datasets.py took 0.356 seconds
[2026-08-12T04:41:11.948+0000] {processor.py:186} INFO - Started process (PID=1049) to work on /home/airflow/.local/lib/python3.12/site-packages/airflow/example_dags/example_datasets.py
[2026-08-12T04:41:11.951+0000] {processor.py:914} INFO - Processing file /home/airflow/.local/lib/python3.12/site-packages/airflow/example_dags/example_datasets.py for tasks to queue
[2026-08-12T04:41:11.961+0000] {logging_mixin.py:190} INFO - [2026-08-12T04:41:11.960+0000] {dagbag.py:587} INFO - Filling up the DagBag from /home/airflow/.local/lib/python3.12/site-packages/airflow/example_dags/example_datasets.py
[2026-08-12T04:41:12.201+0000] {processor.py:925} INFO - DAG(s) 'dataset_produces_1', 'conditional_dataset_and_time_based_timetable', 'dataset_consumes_1_never_scheduled', 'consume_1_or_both_2_and_3_with_dataset_expressions', 'dataset_consumes_unknown_never_scheduled', 'dataset_produces_2', 'dataset_consumes_1', 'dataset_consumes_1_and_2', 'consume_1_or_2_with_dataset_expressions', 'consume_1_and_2_with_dataset_expressions' retrieved from /home/airflow/.local/lib/python3.12/site-packages/airflow/example_dags/example_datasets.py
[2026-08-12T04:41:12.250+0000] {logging_mixin.py:190} INFO - [2026-08-12T04:41:12.250+0000] {dag.py:3211} INFO - Sync 10 DAGs
[2026-08-12T04:41:12.287+0000] {logging_mixin.py:190} INFO - [2026-08-12T04:41:12.286+0000] {dag.py:4138} INFO - Setting next_dagrun for conditional_dataset_and_time_based_timetable to 2026-08-12 01:00:00+00:00, run_after=2026-08-12 01:00:00+00:00
[2026-08-12T04:41:12.292+0000] {logging_mixin.py:190} INFO - [2026-08-12T04:41:12.291+0000] {dag.py:4138} INFO - Setting next_dagrun for consume_1_and_2_with_dataset_expressions to None, run_after=None
[2026-08-12T04:41:12.295+0000] {logging_mixin.py:190} INFO - [2026-08-12T04:41:12.295+0000] {dag.py:4138} INFO - Setting next_dagrun for consume_1_or_2_with_dataset_expressions to None, run_after=None
[2026-08-12T04:41:12.298+0000] {logging_mixin.py:190} INFO - [2026-08-12T04:41:12.297+0000] {dag.py:4138} INFO - Setting next_dagrun for consume_1_or_both_2_and_3_with_dataset_expressions to None, run_after=None
[2026-08-12T04:41:12.301+0000] {logging_mixin.py:190} INFO - [2026-08-12T04:41:12.300+0000] {dag.py:4138} INFO - Setting next_dagrun for dataset_consumes_1 to None, run_after=None
[2026-08-12T04:41:12.303+0000] {logging_mixin.py:190} INFO - [2026-08-12T04:41:12.303+0000] {dag.py:4138} INFO - Setting next_dagrun for dataset_consumes_1_and_2 to None, run_after=None
[2026-08-12T04:41:12.305+0000] {logging_mixin.py:190} INFO - [2026-08-12T04:41:12.305+0000] {dag.py:4138} INFO - Setting next_dagrun for dataset_consumes_1_never_scheduled to None, run_after=None
[2026-08-12T04:41:12.307+0000] {logging_mixin.py:190} INFO - [2026-08-12T04:41:12.307+0000] {dag.py:4138} INFO - Setting next_dagrun for dataset_consumes_unknown_never_scheduled to None, run_after=None
[2026-08-12T04:41:12.310+0000] {logging_mixin.py:190} INFO - [2026-08-12T04:41:12.310+0000] {dag.py:4138} INFO - Setting next_dagrun for dataset_produces_1 to 2026-08-11 00:00:00+00:00, run_after=2026-08-12 00:00:00+00:00
[2026-08-12T04:41:12.313+0000] {logging_mixin.py:190} INFO - [2026-08-12T04:41:12.312+0000] {dag.py:4138} INFO - Setting next_dagrun for dataset_produces_2 to None, run_after=None
[2026-08-12T04:41:12.349+0000] {processor.py:208} INFO - Processing /home/airflow/.local/lib/python3.12/site-packages/airflow/example_dags/example_datasets.py took 0.415 seconds
[2026-08-12T04:41:42.769+0000] {processor.py:186} INFO - Started process (PID=1111) to work on /home/airflow/.local/lib/python3.12/site-packages/airflow/example_dags/example_datasets.py
[2026-08-12T04:41:42.771+0000] {processor.py:914} INFO - Processing file /home/airflow/.local/lib/python3.12/site-packages/airflow/example_dags/example_datasets.py for tasks to queue
[2026-08-12T04:41:42.774+0000] {logging_mixin.py:190} INFO - [2026-08-12T04:41:42.774+0000] {dagbag.py:587} INFO - Filling up the DagBag from /home/airflow/.local/lib/python3.12/site-packages/airflow/example_dags/example_datasets.py
[2026-08-12T04:41:42.955+0000] {processor.py:925} INFO - DAG(s) 'dataset_produces_2', 'conditional_dataset_and_time_based_timetable', 'dataset_consumes_1', 'consume_1_or_both_2_and_3_with_dataset_expressions', 'consume_1_or_2_with_dataset_expressions', 'dataset_consumes_unknown_never_scheduled', 'dataset_produces_1', 'dataset_consumes_1_never_scheduled', 'dataset_consumes_1_and_2', 'consume_1_and_2_with_dataset_expressions' retrieved from /home/airflow/.local/lib/python3.12/site-packages/airflow/example_dags/example_datasets.py
[2026-08-12T04:41:43.006+0000] {logging_mixin.py:190} INFO - [2026-08-12T04:41:43.006+0000] {dag.py:3211} INFO - Sync 10 DAGs
[2026-08-12T04:41:43.038+0000] {logging_mixin.py:190} INFO - [2026-08-12T04:41:43.038+0000] {dag.py:4138} INFO - Setting next_dagrun for conditional_dataset_and_time_based_timetable to 2026-08-12 01:00:00+00:00, run_after=2026-08-12 01:00:00+00:00
[2026-08-12T04:41:43.043+0000] {logging_mixin.py:190} INFO - [2026-08-12T04:41:43.043+0000] {dag.py:4138} INFO - Setting next_dagrun for consume_1_and_2_with_dataset_expressions to None, run_after=None
[2026-08-12T04:41:43.045+0000] {logging_mixin.py:190} INFO - [2026-08-12T04:41:43.045+0000] {dag.py:4138} INFO - Setting next_dagrun for consume_1_or_2_with_dataset_expressions to None, run_after=None
[2026-08-12T04:41:43.048+0000] {logging_mixin.py:190} INFO - [2026-08-12T04:41:43.048+0000] {dag.py:4138} INFO - Setting next_dagrun for consume_1_or_both_2_and_3_with_dataset_expressions to None, run_after=None
[2026-08-12T04:41:43.050+0000] {logging_mixin.py:190} INFO - [2026-08-12T04:41:43.050+0000] {dag.py:4138} INFO - Setting next_dagrun for dataset_consumes_1 to None, run_after=None
[2026-08-12T04:41:43.052+0000] {logging_mixin.py:190} INFO - [2026-08-12T04:41:43.052+0000] {dag.py:4138} INFO - Setting next_dagrun for dataset_consumes_1_and_2 to None, run_after=None
[2026-08-12T04:41:43.054+0000] {logging_mixin.py:190} INFO - [2026-08-12T04:41:43.054+0000] {dag.py:4138} INFO - Setting next_dagrun for dataset_consumes_1_never_scheduled to None, run_after=None
[2026-08-12T04:41:43.057+0000] {logging_mixin.py:190} INFO - [2026-08-12T04:41:43.056+0000] {dag.py:4138} INFO - Setting next_dagrun for dataset_consumes_unknown_never_scheduled to None, run_after=None
[2026-08-12T04:41:43.060+0000] {logging_mixin.py:190} INFO - [2026-08-12T04:41:43.060+0000] {dag.py:4138} INFO - Setting next_dagrun for dataset_produces_1 to 2026-08-11 00:00:00+00:00, run_after=2026-08-12 00:00:00+00:00
[2026-08-12T04:41:43.063+0000] {logging_mixin.py:190} INFO - [2026-08-12T04:41:43.062+0000] {dag.py:4138} INFO - Setting next_dagrun for dataset_produces_2 to None, run_after=None
[2026-08-12T04:41:43.099+0000] {processor.py:208} INFO - Processing /home/airflow/.local/lib/python3.12/site-packages/airflow/example_dags/example_datasets.py took 0.337 seconds
[2026-08-12T04:42:13.446+0000] {processor.py:186} INFO - Started process (PID=1173) to work on /home/airflow/.local/lib/python3.12/site-packages/airflow/example_dags/example_datasets.py
[2026-08-12T04:42:13.448+0000] {processor.py:914} INFO - Processing file /home/airflow/.local/lib/python3.12/site-packages/airflow/example_dags/example_datasets.py for tasks to queue
[2026-08-12T04:42:13.452+0000] {logging_mixin.py:190} INFO - [2026-08-12T04:42:13.452+0000] {dagbag.py:587} INFO - Filling up the DagBag from /home/airflow/.local/lib/python3.12/site-packages/airflow/example_dags/example_datasets.py
[2026-08-12T04:42:13.626+0000] {processor.py:925} INFO - DAG(s) 'dataset_consumes_1_and_2', 'dataset_produces_1', 'consume_1_or_2_with_dataset_expressions', 'dataset_consumes_1_never_scheduled', 'dataset_consumes_1', 'consume_1_or_both_2_and_3_with_dataset_expressions', 'dataset_consumes_unknown_never_scheduled', 'dataset_produces_2', 'consume_1_and_2_with_dataset_expressions', 'conditional_dataset_and_time_based_timetable' retrieved from /home/airflow/.local/lib/python3.12/site-packages/airflow/example_dags/example_datasets.py
[2026-08-12T04:42:13.694+0000] {logging_mixin.py:190} INFO - [2026-08-12T04:42:13.694+0000] {dag.py:3211} INFO - Sync 10 DAGs
[2026-08-12T04:42:13.726+0000] {logging_mixin.py:190} INFO - [2026-08-12T04:42:13.726+0000] {dag.py:4138} INFO - Setting next_dagrun for conditional_dataset_and_time_based_timetable to 2026-08-12 01:00:00+00:00, run_after=2026-08-12 01:00:00+00:00
[2026-08-12T04:42:13.732+0000] {logging_mixin.py:190} INFO - [2026-08-12T04:42:13.732+0000] {dag.py:4138} INFO - Setting next_dagrun for consume_1_and_2_with_dataset_expressions to None, run_after=None
[2026-08-12T04:42:13.738+0000] {logging_mixin.py:190} INFO - [2026-08-12T04:42:13.738+0000] {dag.py:4138} INFO - Setting next_dagrun for consume_1_or_2_with_dataset_expressions to None, run_after=None
[2026-08-12T04:42:13.741+0000] {logging_mixin.py:190} INFO - [2026-08-12T04:42:13.741+0000] {dag.py:4138} INFO - Setting next_dagrun for consume_1_or_both_2_and_3_with_dataset_expressions to None, run_after=None
[2026-08-12T04:42:13.744+0000] {logging_mixin.py:190} INFO - [2026-08-12T04:42:13.744+0000] {dag.py:4138} INFO - Setting next_dagrun for dataset_consumes_1 to None, run_after=None
[2026-08-12T04:42:13.747+0000] {logging_mixin.py:190} INFO - [2026-08-12T04:42:13.746+0000] {dag.py:4138} INFO - Setting next_dagrun for dataset_consumes_1_and_2 to None, run_after=None
[2026-08-12T04:42:13.750+0000] {logging_mixin.py:190} INFO - [2026-08-12T04:42:13.750+0000] {dag.py:4138} INFO - Setting next_dagrun for dataset_consumes_1_never_scheduled to None, run_after=None
[2026-08-12T04:42:13.754+0000] {logging_mixin.py:190} INFO - [2026-08-12T04:42:13.754+0000] {dag.py:4138} INFO - Setting next_dagrun for dataset_consumes_unknown_never_scheduled to None, run_after=None
[2026-08-12T04:42:13.757+0000] {logging_mixin.py:190} INFO - [2026-08-12T04:42:13.757+0000] {dag.py:4138} INFO - Setting next_dagrun for dataset_produces_1 to 2026-08-11 00:00:00+00:00, run_after=2026-08-12 00:00:00+00:00
[2026-08-12T04:42:13.760+0000] {logging_mixin.py:190} INFO - [2026-08-12T04:42:13.759+0000] {dag.py:4138} INFO - Setting next_dagrun for dataset_produces_2 to None, run_after=None
[2026-08-12T04:42:13.830+0000] {processor.py:208} INFO - Processing /home/airflow/.local/lib/python3.12/site-packages/airflow/example_dags/example_datasets.py took 0.391 seconds
[2026-08-12T04:42:44.423+0000] {processor.py:186} INFO - Started process (PID=1235) to work on /home/airflow/.local/lib/python3.12/site-packages/airflow/example_dags/example_datasets.py
[2026-08-12T04:42:44.425+0000] {processor.py:914} INFO - Processing file /home/airflow/.local/lib/python3.12/site-packages/airflow/example_dags/example_datasets.py for tasks to queue
[2026-08-12T04:42:44.428+0000] {logging_mixin.py:190} INFO - [2026-08-12T04:42:44.428+0000] {dagbag.py:587} INFO - Filling up the DagBag from /home/airflow/.local/lib/python3.12/site-packages/airflow/example_dags/example_datasets.py
[2026-08-12T04:42:44.596+0000] {processor.py:925} INFO - DAG(s) 'dataset_consumes_1', 'dataset_consumes_1_never_scheduled', 'dataset_consumes_unknown_never_scheduled', 'dataset_consumes_1_and_2', 'conditional_dataset_and_time_based_timetable', 'consume_1_or_2_with_dataset_expressions', 'consume_1_and_2_with_dataset_expressions', 'dataset_produces_1', 'dataset_produces_2', 'consume_1_or_both_2_and_3_with_dataset_expressions' retrieved from /home/airflow/.local/lib/python3.12/site-packages/airflow/example_dags/example_datasets.py
[2026-08-12T04:42:44.652+0000] {logging_mixin.py:190} INFO - [2026-08-12T04:42:44.651+0000] {dag.py:3211} INFO - Sync 10 DAGs
[2026-08-12T04:42:44.681+0000] {logging_mixin.py:190} INFO - [2026-08-12T04:42:44.680+0000] {dag.py:4138} INFO - Setting next_dagrun for conditional_dataset_and_time_based_timetable to 2026-08-12 01:00:00+00:00, run_after=2026-08-12 01:00:00+00:00
[2026-08-12T04:42:44.686+0000] {logging_mixin.py:190} INFO - [2026-08-12T04:42:44.686+0000] {dag.py:4138} INFO - Setting next_dagrun for consume_1_and_2_with_dataset_expressions to None, run_after=None
[2026-08-12T04:42:44.689+0000] {logging_mixin.py:190} INFO - [2026-08-12T04:42:44.689+0000] {dag.py:4138} INFO - Setting next_dagrun for consume_1_or_2_with_dataset_expressions to None, run_after=None
[2026-08-12T04:42:44.692+0000] {logging_mixin.py:190} INFO - [2026-08-12T04:42:44.691+0000] {dag.py:4138} INFO - Setting next_dagrun for consume_1_or_both_2_and_3_with_dataset_expressions to None, run_after=None
[2026-08-12T04:42:44.695+0000] {logging_mixin.py:190} INFO - [2026-08-12T04:42:44.694+0000] {dag.py:4138} INFO - Setting next_dagrun for dataset_consumes_1 to None, run_after=None
[2026-08-12T04:42:44.697+0000] {logging_mixin.py:190} INFO - [2026-08-12T04:42:44.697+0000] {dag.py:4138} INFO - Setting next_dagrun for dataset_consumes_1_and_2 to None, run_after=None
[2026-08-12T04:42:44.700+0000] {logging_mixin.py:190} INFO - [2026-08-12T04:42:44.700+0000] {dag.py:4138} INFO - Setting next_dagrun for dataset_consumes_1_never_scheduled to None, run_after=None
[2026-08-12T04:42:44.703+0000] {logging_mixin.py:190} INFO - [2026-08-12T04:42:44.703+0000] {dag.py:4138} INFO - Setting next_dagrun for dataset_consumes_unknown_never_scheduled to None, run_after=None
[2026-08-12T04:42:44.706+0000] {logging_mixin.py:190} INFO - [2026-08-12T04:42:44.706+0000] {dag.py:4138} INFO - Setting next_dagrun for dataset_produces_1 to 2026-08-11 00:00:00+00:00, run_after=2026-08-12 00:00:00+00:00
[2026-08-12T04:42:44.710+0000] {logging_mixin.py:190} INFO - [2026-08-12T04:42:44.710+0000] {dag.py:4138} INFO - Setting next_dagrun for dataset_produces_2 to None, run_after=None
[2026-08-12T04:42:44.757+0000] {processor.py:208} INFO - Processing /home/airflow/.local/lib/python3.12/site-packages/airflow/example_dags/example_datasets.py took 0.339 seconds
[2026-08-12T04:43:14.926+0000] {processor.py:186} INFO - Started process (PID=1299) to work on /home/airflow/.local/lib/python3.12/site-packages/airflow/example_dags/example_datasets.py
[2026-08-12T04:43:14.927+0000] {processor.py:914} INFO - Processing file /home/airflow/.local/lib/python3.12/site-packages/airflow/example_dags/example_datasets.py for tasks to queue
[2026-08-12T04:43:14.931+0000] {logging_mixin.py:190} INFO - [2026-08-12T04:43:14.930+0000] {dagbag.py:587} INFO - Filling up the DagBag from /home/airflow/.local/lib/python3.12/site-packages/airflow/example_dags/example_datasets.py
[2026-08-12T04:43:15.065+0000] {processor.py:925} INFO - DAG(s) 'dataset_consumes_unknown_never_scheduled', 'dataset_produces_1', 'dataset_consumes_1', 'conditional_dataset_and_time_based_timetable', 'dataset_consumes_1_never_scheduled', 'consume_1_or_both_2_and_3_with_dataset_expressions', 'consume_1_or_2_with_dataset_expressions', 'dataset_produces_2', 'dataset_consumes_1_and_2', 'consume_1_and_2_with_dataset_expressions' retrieved from /home/airflow/.local/lib/python3.12/site-packages/airflow/example_dags/example_datasets.py
[2026-08-12T04:43:15.109+0000] {logging_mixin.py:190} INFO - [2026-08-12T04:43:15.108+0000] {dag.py:3211} INFO - Sync 10 DAGs
[2026-08-12T04:43:15.132+0000] {logging_mixin.py:190} INFO - [2026-08-12T04:43:15.132+0000] {dag.py:4138} INFO - Setting next_dagrun for conditional_dataset_and_time_based_timetable to 2026-08-12 01:00:00+00:00, run_after=2026-08-12 01:00:00+00:00
[2026-08-12T04:43:15.138+0000] {logging_mixin.py:190} INFO - [2026-08-12T04:43:15.138+0000] {dag.py:4138} INFO - Setting next_dagrun for consume_1_and_2_with_dataset_expressions to None, run_after=None
[2026-08-12T04:43:15.141+0000] {logging_mixin.py:190} INFO - [2026-08-12T04:43:15.140+0000] {dag.py:4138} INFO - Setting next_dagrun for consume_1_or_2_with_dataset_expressions to None, run_after=None
[2026-08-12T04:43:15.143+0000] {logging_mixin.py:190} INFO - [2026-08-12T04:43:15.143+0000] {dag.py:4138} INFO - Setting next_dagrun for consume_1_or_both_2_and_3_with_dataset_expressions to None, run_after=None
[2026-08-12T04:43:15.145+0000] {logging_mixin.py:190} INFO - [2026-08-12T04:43:15.145+0000] {dag.py:4138} INFO - Setting next_dagrun for dataset_consumes_1 to None, run_after=None
[2026-08-12T04:43:15.148+0000] {logging_mixin.py:190} INFO - [2026-08-12T04:43:15.148+0000] {dag.py:4138} INFO - Setting next_dagrun for dataset_consumes_1_and_2 to None, run_after=None
[2026-08-12T04:43:15.150+0000] {logging_mixin.py:190} INFO - [2026-08-12T04:43:15.150+0000] {dag.py:4138} INFO - Setting next_dagrun for dataset_consumes_1_never_scheduled to None, run_after=None
[2026-08-12T04:43:15.153+0000] {logging_mixin.py:190} INFO - [2026-08-12T04:43:15.153+0000] {dag.py:4138} INFO - Setting next_dagrun for dataset_consumes_unknown_never_scheduled to None, run_after=None
[2026-08-12T04:43:15.157+0000] {logging_mixin.py:190} INFO - [2026-08-12T04:43:15.157+0000] {dag.py:4138} INFO - Setting next_dagrun for dataset_produces_1 to 2026-08-11 00:00:00+00:00, run_after=2026-08-12 00:00:00+00:00
[2026-08-12T04:43:15.159+0000] {logging_mixin.py:190} INFO - [2026-08-12T04:43:15.159+0000] {dag.py:4138} INFO - Setting next_dagrun for dataset_produces_2 to None, run_after=None
[2026-08-12T04:43:15.200+0000] {processor.py:208} INFO - Processing /home/airflow/.local/lib/python3.12/site-packages/airflow/example_dags/example_datasets.py took 0.280 seconds
[2026-08-12T04:43:45.552+0000] {processor.py:186} INFO - Started process (PID=1359) to work on /home/airflow/.local/lib/python3.12/site-packages/airflow/example_dags/example_datasets.py
[2026-08-12T04:43:45.556+0000] {processor.py:914} INFO - Processing file /home/airflow/.local/lib/python3.12/site-packages/airflow/example_dags/example_datasets.py for tasks to queue
[2026-08-12T04:43:45.561+0000] {logging_mixin.py:190} INFO - [2026-08-12T04:43:45.560+0000] {dagbag.py:587} INFO - Filling up the DagBag from /home/airflow/.local/lib/python3.12/site-packages/airflow/example_dags/example_datasets.py
[2026-08-12T04:43:45.718+0000] {processor.py:925} INFO - DAG(s) 'dataset_consumes_1', 'dataset_consumes_unknown_never_scheduled', 'consume_1_or_2_with_dataset_expressions', 'dataset_produces_1', 'conditional_dataset_and_time_based_timetable', 'consume_1_and_2_with_dataset_expressions', 'dataset_consumes_1_never_scheduled', 'dataset_produces_2', 'consume_1_or_both_2_and_3_with_dataset_expressions', 'dataset_consumes_1_and_2' retrieved from /home/airflow/.local/lib/python3.12/site-packages/airflow/example_dags/example_datasets.py
[2026-08-12T04:43:45.778+0000] {logging_mixin.py:190} INFO - [2026-08-12T04:43:45.777+0000] {dag.py:3211} INFO - Sync 10 DAGs
[2026-08-12T04:43:45.809+0000] {logging_mixin.py:190} INFO - [2026-08-12T04:43:45.809+0000] {dag.py:4138} INFO - Setting next_dagrun for conditional_dataset_and_time_based_timetable to 2026-08-12 01:00:00+00:00, run_after=2026-08-12 01:00:00+00:00
[2026-08-12T04:43:45.814+0000] {logging_mixin.py:190} INFO - [2026-08-12T04:43:45.813+0000] {dag.py:4138} INFO - Setting next_dagrun for consume_1_and_2_with_dataset_expressions to None, run_after=None
[2026-08-12T04:43:45.817+0000] {logging_mixin.py:190} INFO - [2026-08-12T04:43:45.816+0000] {dag.py:4138} INFO - Setting next_dagrun for consume_1_or_2_with_dataset_expressions to None, run_after=None
[2026-08-12T04:43:45.819+0000] {logging_mixin.py:190} INFO - [2026-08-12T04:43:45.819+0000] {dag.py:4138} INFO - Setting next_dagrun for consume_1_or_both_2_and_3_with_dataset_expressions to None, run_after=None
[2026-08-12T04:43:45.822+0000] {logging_mixin.py:190} INFO - [2026-08-12T04:43:45.821+0000] {dag.py:4138} INFO - Setting next_dagrun for dataset_consumes_1 to None, run_after=None
[2026-08-12T04:43:45.824+0000] {logging_mixin.py:190} INFO - [2026-08-12T04:43:45.824+0000] {dag.py:4138} INFO - Setting next_dagrun for dataset_consumes_1_and_2 to None, run_after=None
[2026-08-12T04:43:45.826+0000] {logging_mixin.py:190} INFO - [2026-08-12T04:43:45.826+0000] {dag.py:4138} INFO - Setting next_dagrun for dataset_consumes_1_never_scheduled to None, run_after=None
[2026-08-12T04:43:45.828+0000] {logging_mixin.py:190} INFO - [2026-08-12T04:43:45.828+0000] {dag.py:4138} INFO - Setting next_dagrun for dataset_consumes_unknown_never_scheduled to None, run_after=None
[2026-08-12T04:43:45.831+0000] {logging_mixin.py:190} INFO - [2026-08-12T04:43:45.831+0000] {dag.py:4138} INFO - Setting next_dagrun for dataset_produces_1 to 2026-08-11 00:00:00+00:00, run_after=2026-08-12 00:00:00+00:00
[2026-08-12T04:43:45.834+0000] {logging_mixin.py:190} INFO - [2026-08-12T04:43:45.834+0000] {dag.py:4138} INFO - Setting next_dagrun for dataset_produces_2 to None, run_after=None
[2026-08-12T04:43:45.874+0000] {processor.py:208} INFO - Processing /home/airflow/.local/lib/python3.12/site-packages/airflow/example_dags/example_datasets.py took 0.330 seconds
[2026-08-12T04:44:16.395+0000] {processor.py:186} INFO - Started process (PID=1421) to work on /home/airflow/.local/lib/python3.12/site-packages/airflow/example_dags/example_datasets.py
[2026-08-12T04:44:16.398+0000] {processor.py:914} INFO - Processing file /home/airflow/.local/lib/python3.12/site-packages/airflow/example_dags/example_datasets.py for tasks to queue
[2026-08-12T04:44:16.403+0000] {logging_mixin.py:190} INFO - [2026-08-12T04:44:16.402+0000] {dagbag.py:587} INFO - Filling up the DagBag from /home/airflow/.local/lib/python3.12/site-packages/airflow/example_dags/example_datasets.py
[2026-08-12T04:44:16.596+0000] {processor.py:925} INFO - DAG(s) 'dataset_consumes_unknown_never_scheduled', 'consume_1_or_both_2_and_3_with_dataset_expressions', 'dataset_produces_2', 'dataset_consumes_1', 'consume_1_or_2_with_dataset_expressions', 'conditional_dataset_and_time_based_timetable', 'dataset_produces_1', 'consume_1_and_2_with_dataset_expressions', 'dataset_consumes_1_never_scheduled', 'dataset_consumes_1_and_2' retrieved from /home/airflow/.local/lib/python3.12/site-packages/airflow/example_dags/example_datasets.py
[2026-08-12T04:44:16.664+0000] {logging_mixin.py:190} INFO - [2026-08-12T04:44:16.664+0000] {dag.py:3211} INFO - Sync 10 DAGs
[2026-08-12T04:44:16.693+0000] {logging_mixin.py:190} INFO - [2026-08-12T04:44:16.693+0000] {dag.py:4138} INFO - Setting next_dagrun for conditional_dataset_and_time_based_timetable to 2026-08-12 01:00:00+00:00, run_after=2026-08-12 01:00:00+00:00
[2026-08-12T04:44:16.698+0000] {logging_mixin.py:190} INFO - [2026-08-12T04:44:16.698+0000] {dag.py:4138} INFO - Setting next_dagrun for consume_1_and_2_with_dataset_expressions to None, run_after=None
[2026-08-12T04:44:16.705+0000] {logging_mixin.py:190} INFO - [2026-08-12T04:44:16.704+0000] {dag.py:4138} INFO - Setting next_dagrun for consume_1_or_2_with_dataset_expressions to None, run_after=None
[2026-08-12T04:44:16.708+0000] {logging_mixin.py:190} INFO - [2026-08-12T04:44:16.708+0000] {dag.py:4138} INFO - Setting next_dagrun for consume_1_or_both_2_and_3_with_dataset_expressions to None, run_after=None
[2026-08-12T04:44:16.712+0000] {logging_mixin.py:190} INFO - [2026-08-12T04:44:16.712+0000] {dag.py:4138} INFO - Setting next_dagrun for dataset_consumes_1 to None, run_after=None
[2026-08-12T04:44:16.715+0000] {logging_mixin.py:190} INFO - [2026-08-12T04:44:16.715+0000] {dag.py:4138} INFO - Setting next_dagrun for dataset_consumes_1_and_2 to None, run_after=None
[2026-08-12T04:44:16.717+0000] {logging_mixin.py:190} INFO - [2026-08-12T04:44:16.717+0000] {dag.py:4138} INFO - Setting next_dagrun for dataset_consumes_1_never_scheduled to None, run_after=None
[2026-08-12T04:44:16.720+0000] {logging_mixin.py:190} INFO - [2026-08-12T04:44:16.720+0000] {dag.py:4138} INFO - Setting next_dagrun for dataset_consumes_unknown_never_scheduled to None, run_after=None
[2026-08-12T04:44:16.724+0000] {logging_mixin.py:190} INFO - [2026-08-12T04:44:16.724+0000] {dag.py:4138} INFO - Setting next_dagrun for dataset_produces_1 to 2026-08-11 00:00:00+00:00, run_after=2026-08-12 00:00:00+00:00
[2026-08-12T04:44:16.727+0000] {logging_mixin.py:190} INFO - [2026-08-12T04:44:16.727+0000] {dag.py:4138} INFO - Setting next_dagrun for dataset_produces_2 to None, run_after=None
[2026-08-12T04:44:16.774+0000] {processor.py:208} INFO - Processing /home/airflow/.local/lib/python3.12/site-packages/airflow/example_dags/example_datasets.py took 0.387 seconds
[2026-08-12T04:44:47.181+0000] {processor.py:186} INFO - Started process (PID=1483) to work on /home/airflow/.local/lib/python3.12/site-packages/airflow/example_dags/example_datasets.py
[2026-08-12T04:44:47.183+0000] {processor.py:914} INFO - Processing file /home/airflow/.local/lib/python3.12/site-packages/airflow/example_dags/example_datasets.py for tasks to queue
[2026-08-12T04:44:47.187+0000] {logging_mixin.py:190} INFO - [2026-08-12T04:44:47.187+0000] {dagbag.py:587} INFO - Filling up the DagBag from /home/airflow/.local/lib/python3.12/site-packages/airflow/example_dags/example_datasets.py
[2026-08-12T04:44:47.350+0000] {processor.py:925} INFO - DAG(s) 'dataset_produces_2', 'conditional_dataset_and_time_based_timetable', 'dataset_consumes_1_never_scheduled', 'dataset_consumes_1', 'consume_1_or_both_2_and_3_with_dataset_expressions', 'consume_1_and_2_with_dataset_expressions', 'dataset_consumes_unknown_never_scheduled', 'dataset_consumes_1_and_2', 'dataset_produces_1', 'consume_1_or_2_with_dataset_expressions' retrieved from /home/airflow/.local/lib/python3.12/site-packages/airflow/example_dags/example_datasets.py
[2026-08-12T04:44:47.400+0000] {logging_mixin.py:190} INFO - [2026-08-12T04:44:47.400+0000] {dag.py:3211} INFO - Sync 10 DAGs
[2026-08-12T04:44:47.428+0000] {logging_mixin.py:190} INFO - [2026-08-12T04:44:47.428+0000] {dag.py:4138} INFO - Setting next_dagrun for conditional_dataset_and_time_based_timetable to 2026-08-12 01:00:00+00:00, run_after=2026-08-12 01:00:00+00:00
[2026-08-12T04:44:47.433+0000] {logging_mixin.py:190} INFO - [2026-08-12T04:44:47.433+0000] {dag.py:4138} INFO - Setting next_dagrun for consume_1_and_2_with_dataset_expressions to None, run_after=None
[2026-08-12T04:44:47.436+0000] {logging_mixin.py:190} INFO - [2026-08-12T04:44:47.435+0000] {dag.py:4138} INFO - Setting next_dagrun for consume_1_or_2_with_dataset_expressions to None, run_after=None
[2026-08-12T04:44:47.438+0000] {logging_mixin.py:190} INFO - [2026-08-12T04:44:47.437+0000] {dag.py:4138} INFO - Setting next_dagrun for consume_1_or_both_2_and_3_with_dataset_expressions to None, run_after=None
[2026-08-12T04:44:47.440+0000] {logging_mixin.py:190} INFO - [2026-08-12T04:44:47.440+0000] {dag.py:4138} INFO - Setting next_dagrun for dataset_consumes_1 to None, run_after=None
[2026-08-12T04:44:47.444+0000] {logging_mixin.py:190} INFO - [2026-08-12T04:44:47.444+0000] {dag.py:4138} INFO - Setting next_dagrun for dataset_consumes_1_and_2 to None, run_after=None
[2026-08-12T04:44:47.447+0000] {logging_mixin.py:190} INFO - [2026-08-12T04:44:47.446+0000] {dag.py:4138} INFO - Setting next_dagrun for dataset_consumes_1_never_scheduled to None, run_after=None
[2026-08-12T04:44:47.449+0000] {logging_mixin.py:190} INFO - [2026-08-12T04:44:47.449+0000] {dag.py:4138} INFO - Setting next_dagrun for dataset_consumes_unknown_never_scheduled to None, run_after=None
[2026-08-12T04:44:47.453+0000] {logging_mixin.py:190} INFO - [2026-08-12T04:44:47.453+0000] {dag.py:4138} INFO - Setting next_dagrun for dataset_produces_1 to 2026-08-11 00:00:00+00:00, run_after=2026-08-12 00:00:00+00:00
[2026-08-12T04:44:47.455+0000] {logging_mixin.py:190} INFO - [2026-08-12T04:44:47.455+0000] {dag.py:4138} INFO - Setting next_dagrun for dataset_produces_2 to None, run_after=None
[2026-08-12T04:44:47.490+0000] {processor.py:208} INFO - Processing /home/airflow/.local/lib/python3.12/site-packages/airflow/example_dags/example_datasets.py took 0.317 seconds
[2026-08-12T04:45:17.903+0000] {processor.py:186} INFO - Started process (PID=1545) to work on /home/airflow/.local/lib/python3.12/site-packages/airflow/example_dags/example_datasets.py
[2026-08-12T04:45:17.904+0000] {processor.py:914} INFO - Processing file /home/airflow/.local/lib/python3.12/site-packages/airflow/example_dags/example_datasets.py for tasks to queue
[2026-08-12T04:45:17.907+0000] {logging_mixin.py:190} INFO - [2026-08-12T04:45:17.907+0000] {dagbag.py:587} INFO - Filling up the DagBag from /home/airflow/.local/lib/python3.12/site-packages/airflow/example_dags/example_datasets.py
[2026-08-12T04:45:18.090+0000] {processor.py:925} INFO - DAG(s) 'dataset_consumes_1', 'dataset_produces_1', 'consume_1_or_both_2_and_3_with_dataset_expressions', 'conditional_dataset_and_time_based_timetable', 'dataset_consumes_unknown_never_scheduled', 'dataset_consumes_1_and_2', 'dataset_consumes_1_never_scheduled', 'consume_1_or_2_with_dataset_expressions', 'consume_1_and_2_with_dataset_expressions', 'dataset_produces_2' retrieved from /home/airflow/.local/lib/python3.12/site-packages/airflow/example_dags/example_datasets.py
[2026-08-12T04:45:18.140+0000] {logging_mixin.py:190} INFO - [2026-08-12T04:45:18.140+0000] {dag.py:3211} INFO - Sync 10 DAGs
[2026-08-12T04:45:18.175+0000] {logging_mixin.py:190} INFO - [2026-08-12T04:45:18.175+0000] {dag.py:4138} INFO - Setting next_dagrun for conditional_dataset_and_time_based_timetable to 2026-08-12 01:00:00+00:00, run_after=2026-08-12 01:00:00+00:00
[2026-08-12T04:45:18.179+0000] {logging_mixin.py:190} INFO - [2026-08-12T04:45:18.179+0000] {dag.py:4138} INFO - Setting next_dagrun for consume_1_and_2_with_dataset_expressions to None, run_after=None
[2026-08-12T04:45:18.182+0000] {logging_mixin.py:190} INFO - [2026-08-12T04:45:18.182+0000] {dag.py:4138} INFO - Setting next_dagrun for consume_1_or_2_with_dataset_expressions to None, run_after=None
[2026-08-12T04:45:18.184+0000] {logging_mixin.py:190} INFO - [2026-08-12T04:45:18.184+0000] {dag.py:4138} INFO - Setting next_dagrun for consume_1_or_both_2_and_3_with_dataset_expressions to None, run_after=None
[2026-08-12T04:45:18.187+0000] {logging_mixin.py:190} INFO - [2026-08-12T04:45:18.187+0000] {dag.py:4138} INFO - Setting next_dagrun for dataset_consumes_1 to None, run_after=None
[2026-08-12T04:45:18.190+0000] {logging_mixin.py:190} INFO - [2026-08-12T04:45:18.190+0000] {dag.py:4138} INFO - Setting next_dagrun for dataset_consumes_1_and_2 to None, run_after=None
[2026-08-12T04:45:18.193+0000] {logging_mixin.py:190} INFO - [2026-08-12T04:45:18.193+0000] {dag.py:4138} INFO - Setting next_dagrun for dataset_consumes_1_never_scheduled to None, run_after=None
[2026-08-12T04:45:18.196+0000] {logging_mixin.py:190} INFO - [2026-08-12T04:45:18.195+0000] {dag.py:4138} INFO - Setting next_dagrun for dataset_consumes_unknown_never_scheduled to None, run_after=None
[2026-08-12T04:45:18.199+0000] {logging_mixin.py:190} INFO - [2026-08-12T04:45:18.199+0000] {dag.py:4138} INFO - Setting next_dagrun for dataset_produces_1 to 2026-08-11 00:00:00+00:00, run_after=2026-08-12 00:00:00+00:00
[2026-08-12T04:45:18.202+0000] {logging_mixin.py:190} INFO - [2026-08-12T04:45:18.202+0000] {dag.py:4138} INFO - Setting next_dagrun for dataset_produces_2 to None, run_after=None
[2026-08-12T04:45:18.243+0000] {processor.py:208} INFO - Processing /home/airflow/.local/lib/python3.12/site-packages/airflow/example_dags/example_datasets.py took 0.345 seconds
[2026-08-12T04:45:48.500+0000] {processor.py:186} INFO - Started process (PID=1607) to work on /home/airflow/.local/lib/python3.12/site-packages/airflow/example_dags/example_datasets.py
[2026-08-12T04:45:48.502+0000] {processor.py:914} INFO - Processing file /home/airflow/.local/lib/python3.12/site-packages/airflow/example_dags/example_datasets.py for tasks to queue
[2026-08-12T04:45:48.506+0000] {logging_mixin.py:190} INFO - [2026-08-12T04:45:48.506+0000] {dagbag.py:587} INFO - Filling up the DagBag from /home/airflow/.local/lib/python3.12/site-packages/airflow/example_dags/example_datasets.py
[2026-08-12T04:45:48.692+0000] {processor.py:925} INFO - DAG(s) 'consume_1_and_2_with_dataset_expressions', 'dataset_produces_1', 'dataset_consumes_1_and_2', 'dataset_consumes_1', 'consume_1_or_both_2_and_3_with_dataset_expressions', 'dataset_consumes_1_never_scheduled', 'conditional_dataset_and_time_based_timetable', 'dataset_consumes_unknown_never_scheduled', 'dataset_produces_2', 'consume_1_or_2_with_dataset_expressions' retrieved from /home/airflow/.local/lib/python3.12/site-packages/airflow/example_dags/example_datasets.py
[2026-08-12T04:45:48.746+0000] {logging_mixin.py:190} INFO - [2026-08-12T04:45:48.746+0000] {dag.py:3211} INFO - Sync 10 DAGs
[2026-08-12T04:45:48.773+0000] {logging_mixin.py:190} INFO - [2026-08-12T04:45:48.773+0000] {dag.py:4138} INFO - Setting next_dagrun for conditional_dataset_and_time_based_timetable to 2026-08-12 01:00:00+00:00, run_after=2026-08-12 01:00:00+00:00
[2026-08-12T04:45:48.778+0000] {logging_mixin.py:190} INFO - [2026-08-12T04:45:48.777+0000] {dag.py:4138} INFO - Setting next_dagrun for consume_1_and_2_with_dataset_expressions to None, run_after=None
[2026-08-12T04:45:48.781+0000] {logging_mixin.py:190} INFO - [2026-08-12T04:45:48.781+0000] {dag.py:4138} INFO - Setting next_dagrun for consume_1_or_2_with_dataset_expressions to None, run_after=None
[2026-08-12T04:45:48.784+0000] {logging_mixin.py:190} INFO - [2026-08-12T04:45:48.783+0000] {dag.py:4138} INFO - Setting next_dagrun for consume_1_or_both_2_and_3_with_dataset_expressions to None, run_after=None
[2026-08-12T04:45:48.787+0000] {logging_mixin.py:190} INFO - [2026-08-12T04:45:48.787+0000] {dag.py:4138} INFO - Setting next_dagrun for dataset_consumes_1 to None, run_after=None
[2026-08-12T04:45:48.790+0000] {logging_mixin.py:190} INFO - [2026-08-12T04:45:48.789+0000] {dag.py:4138} INFO - Setting next_dagrun for dataset_consumes_1_and_2 to None, run_after=None
[2026-08-12T04:45:48.792+0000] {logging_mixin.py:190} INFO - [2026-08-12T04:45:48.792+0000] {dag.py:4138} INFO - Setting next_dagrun for dataset_consumes_1_never_scheduled to None, run_after=None
[2026-08-12T04:45:48.794+0000] {logging_mixin.py:190} INFO - [2026-08-12T04:45:48.794+0000] {dag.py:4138} INFO - Setting next_dagrun for dataset_consumes_unknown_never_scheduled to None, run_after=None
[2026-08-12T04:45:48.797+0000] {logging_mixin.py:190} INFO - [2026-08-12T04:45:48.797+0000] {dag.py:4138} INFO - Setting next_dagrun for dataset_produces_1 to 2026-08-11 00:00:00+00:00, run_after=2026-08-12 00:00:00+00:00
[2026-08-12T04:45:48.800+0000] {logging_mixin.py:190} INFO - [2026-08-12T04:45:48.800+0000] {dag.py:4138} INFO - Setting next_dagrun for dataset_produces_2 to None, run_after=None
[2026-08-12T04:45:48.838+0000] {processor.py:208} INFO - Processing /home/airflow/.local/lib/python3.12/site-packages/airflow/example_dags/example_datasets.py took 0.345 seconds
[2026-08-12T04:46:19.380+0000] {processor.py:186} INFO - Started process (PID=1669) to work on /home/airflow/.local/lib/python3.12/site-packages/airflow/example_dags/example_datasets.py
[2026-08-12T04:46:19.382+0000] {processor.py:914} INFO - Processing file /home/airflow/.local/lib/python3.12/site-packages/airflow/example_dags/example_datasets.py for tasks to queue
[2026-08-12T04:46:19.386+0000] {logging_mixin.py:190} INFO - [2026-08-12T04:46:19.385+0000] {dagbag.py:587} INFO - Filling up the DagBag from /home/airflow/.local/lib/python3.12/site-packages/airflow/example_dags/example_datasets.py
[2026-08-12T04:46:19.557+0000] {processor.py:925} INFO - DAG(s) 'dataset_consumes_1', 'consume_1_or_2_with_dataset_expressions', 'consume_1_or_both_2_and_3_with_dataset_expressions', 'dataset_consumes_unknown_never_scheduled', 'dataset_produces_1', 'conditional_dataset_and_time_based_timetable', 'dataset_consumes_1_never_scheduled', 'consume_1_and_2_with_dataset_expressions', 'dataset_consumes_1_and_2', 'dataset_produces_2' retrieved from /home/airflow/.local/lib/python3.12/site-packages/airflow/example_dags/example_datasets.py
[2026-08-12T04:46:19.604+0000] {logging_mixin.py:190} INFO - [2026-08-12T04:46:19.604+0000] {dag.py:3211} INFO - Sync 10 DAGs
[2026-08-12T04:46:19.634+0000] {logging_mixin.py:190} INFO - [2026-08-12T04:46:19.634+0000] {dag.py:4138} INFO - Setting next_dagrun for conditional_dataset_and_time_based_timetable to 2026-08-12 01:00:00+00:00, run_after=2026-08-12 01:00:00+00:00
[2026-08-12T04:46:19.639+0000] {logging_mixin.py:190} INFO - [2026-08-12T04:46:19.639+0000] {dag.py:4138} INFO - Setting next_dagrun for consume_1_and_2_with_dataset_expressions to None, run_after=None
[2026-08-12T04:46:19.642+0000] {logging_mixin.py:190} INFO - [2026-08-12T04:46:19.642+0000] {dag.py:4138} INFO - Setting next_dagrun for consume_1_or_2_with_dataset_expressions to None, run_after=None
[2026-08-12T04:46:19.645+0000] {logging_mixin.py:190} INFO - [2026-08-12T04:46:19.645+0000] {dag.py:4138} INFO - Setting next_dagrun for consume_1_or_both_2_and_3_with_dataset_expressions to None, run_after=None
[2026-08-12T04:46:19.648+0000] {logging_mixin.py:190} INFO - [2026-08-12T04:46:19.647+0000] {dag.py:4138} INFO - Setting next_dagrun for dataset_consumes_1 to None, run_after=None
[2026-08-12T04:46:19.650+0000] {logging_mixin.py:190} INFO - [2026-08-12T04:46:19.650+0000] {dag.py:4138} INFO - Setting next_dagrun for dataset_consumes_1_and_2 to None, run_after=None
[2026-08-12T04:46:19.652+0000] {logging_mixin.py:190} INFO - [2026-08-12T04:46:19.652+0000] {dag.py:4138} INFO - Setting next_dagrun for dataset_consumes_1_never_scheduled to None, run_after=None
[2026-08-12T04:46:19.654+0000] {logging_mixin.py:190} INFO - [2026-08-12T04:46:19.654+0000] {dag.py:4138} INFO - Setting next_dagrun for dataset_consumes_unknown_never_scheduled to None, run_after=None
[2026-08-12T04:46:19.658+0000] {logging_mixin.py:190} INFO - [2026-08-12T04:46:19.658+0000] {dag.py:4138} INFO - Setting next_dagrun for dataset_produces_1 to 2026-08-11 00:00:00+00:00, run_after=2026-08-12 00:00:00+00:00
[2026-08-12T04:46:19.661+0000] {logging_mixin.py:190} INFO - [2026-08-12T04:46:19.661+0000] {dag.py:4138} INFO - Setting next_dagrun for dataset_produces_2 to None, run_after=None
[2026-08-12T04:46:19.707+0000] {processor.py:208} INFO - Processing /home/airflow/.local/lib/python3.12/site-packages/airflow/example_dags/example_datasets.py took 0.334 seconds
[2026-08-12T04:46:50.168+0000] {processor.py:186} INFO - Started process (PID=1731) to work on /home/airflow/.local/lib/python3.12/site-packages/airflow/example_dags/example_datasets.py
[2026-08-12T04:46:50.171+0000] {processor.py:914} INFO - Processing file /home/airflow/.local/lib/python3.12/site-packages/airflow/example_dags/example_datasets.py for tasks to queue
[2026-08-12T04:46:50.178+0000] {logging_mixin.py:190} INFO - [2026-08-12T04:46:50.177+0000] {dagbag.py:587} INFO - Filling up the DagBag from /home/airflow/.local/lib/python3.12/site-packages/airflow/example_dags/example_datasets.py
[2026-08-12T04:46:50.396+0000] {processor.py:925} INFO - DAG(s) 'dataset_produces_1', 'dataset_consumes_unknown_never_scheduled', 'consume_1_or_2_with_dataset_expressions', 'consume_1_or_both_2_and_3_with_dataset_expressions', 'dataset_consumes_1', 'dataset_consumes_1_and_2', 'dataset_consumes_1_never_scheduled', 'dataset_produces_2', 'consume_1_and_2_with_dataset_expressions', 'conditional_dataset_and_time_based_timetable' retrieved from /home/airflow/.local/lib/python3.12/site-packages/airflow/example_dags/example_datasets.py
[2026-08-12T04:46:50.469+0000] {logging_mixin.py:190} INFO - [2026-08-12T04:46:50.469+0000] {dag.py:3211} INFO - Sync 10 DAGs
[2026-08-12T04:46:50.504+0000] {logging_mixin.py:190} INFO - [2026-08-12T04:46:50.504+0000] {dag.py:4138} INFO - Setting next_dagrun for conditional_dataset_and_time_based_timetable to 2026-08-12 01:00:00+00:00, run_after=2026-08-12 01:00:00+00:00
[2026-08-12T04:46:50.511+0000] {logging_mixin.py:190} INFO - [2026-08-12T04:46:50.510+0000] {dag.py:4138} INFO - Setting next_dagrun for consume_1_and_2_with_dataset_expressions to None, run_after=None
[2026-08-12T04:46:50.515+0000] {logging_mixin.py:190} INFO - [2026-08-12T04:46:50.514+0000] {dag.py:4138} INFO - Setting next_dagrun for consume_1_or_2_with_dataset_expressions to None, run_after=None
[2026-08-12T04:46:50.517+0000] {logging_mixin.py:190} INFO - [2026-08-12T04:46:50.517+0000] {dag.py:4138} INFO - Setting next_dagrun for consume_1_or_both_2_and_3_with_dataset_expressions to None, run_after=None
[2026-08-12T04:46:50.519+0000] {logging_mixin.py:190} INFO - [2026-08-12T04:46:50.519+0000] {dag.py:4138} INFO - Setting next_dagrun for dataset_consumes_1 to None, run_after=None
[2026-08-12T04:46:50.521+0000] {logging_mixin.py:190} INFO - [2026-08-12T04:46:50.521+0000] {dag.py:4138} INFO - Setting next_dagrun for dataset_consumes_1_and_2 to None, run_after=None
[2026-08-12T04:46:50.524+0000] {logging_mixin.py:190} INFO - [2026-08-12T04:46:50.524+0000] {dag.py:4138} INFO - Setting next_dagrun for dataset_consumes_1_never_scheduled to None, run_after=None
[2026-08-12T04:46:50.527+0000] {logging_mixin.py:190} INFO - [2026-08-12T04:46:50.527+0000] {dag.py:4138} INFO - Setting next_dagrun for dataset_consumes_unknown_never_scheduled to None, run_after=None
[2026-08-12T04:46:50.530+0000] {logging_mixin.py:190} INFO - [2026-08-12T04:46:50.530+0000] {dag.py:4138} INFO - Setting next_dagrun for dataset_produces_1 to 2026-08-11 00:00:00+00:00, run_after=2026-08-12 00:00:00+00:00
[2026-08-12T04:46:50.532+0000] {logging_mixin.py:190} INFO - [2026-08-12T04:46:50.532+0000] {dag.py:4138} INFO - Setting next_dagrun for dataset_produces_2 to None, run_after=None
[2026-08-12T04:46:50.572+0000] {processor.py:208} INFO - Processing /home/airflow/.local/lib/python3.12/site-packages/airflow/example_dags/example_datasets.py took 0.416 seconds
[2026-08-12T04:47:20.884+0000] {processor.py:186} INFO - Started process (PID=1793) to work on /home/airflow/.local/lib/python3.12/site-packages/airflow/example_dags/example_datasets.py
[2026-08-12T04:47:20.886+0000] {processor.py:914} INFO - Processing file /home/airflow/.local/lib/python3.12/site-packages/airflow/example_dags/example_datasets.py for tasks to queue
[2026-08-12T04:47:20.890+0000] {logging_mixin.py:190} INFO - [2026-08-12T04:47:20.890+0000] {dagbag.py:587} INFO - Filling up the DagBag from /home/airflow/.local/lib/python3.12/site-packages/airflow/example_dags/example_datasets.py
[2026-08-12T04:47:21.053+0000] {processor.py:925} INFO - DAG(s) 'dataset_produces_2', 'conditional_dataset_and_time_based_timetable', 'dataset_consumes_1', 'dataset_consumes_1_and_2', 'consume_1_or_both_2_and_3_with_dataset_expressions', 'dataset_consumes_unknown_never_scheduled', 'dataset_produces_1', 'dataset_consumes_1_never_scheduled', 'consume_1_or_2_with_dataset_expressions', 'consume_1_and_2_with_dataset_expressions' retrieved from /home/airflow/.local/lib/python3.12/site-packages/airflow/example_dags/example_datasets.py
[2026-08-12T04:47:21.116+0000] {logging_mixin.py:190} INFO - [2026-08-12T04:47:21.116+0000] {dag.py:3211} INFO - Sync 10 DAGs
[2026-08-12T04:47:21.377+0000] {logging_mixin.py:190} INFO - [2026-08-12T04:47:21.377+0000] {dag.py:4138} INFO - Setting next_dagrun for conditional_dataset_and_time_based_timetable to 2026-08-12 01:00:00+00:00, run_after=2026-08-12 01:00:00+00:00
[2026-08-12T04:47:21.384+0000] {logging_mixin.py:190} INFO - [2026-08-12T04:47:21.384+0000] {dag.py:4138} INFO - Setting next_dagrun for consume_1_and_2_with_dataset_expressions to None, run_after=None
[2026-08-12T04:47:21.386+0000] {logging_mixin.py:190} INFO - [2026-08-12T04:47:21.386+0000] {dag.py:4138} INFO - Setting next_dagrun for consume_1_or_2_with_dataset_expressions to None, run_after=None
[2026-08-12T04:47:21.389+0000] {logging_mixin.py:190} INFO - [2026-08-12T04:47:21.389+0000] {dag.py:4138} INFO - Setting next_dagrun for consume_1_or_both_2_and_3_with_dataset_expressions to None, run_after=None
[2026-08-12T04:47:21.391+0000] {logging_mixin.py:190} INFO - [2026-08-12T04:47:21.391+0000] {dag.py:4138} INFO - Setting next_dagrun for dataset_consumes_1 to None, run_after=None
[2026-08-12T04:47:21.395+0000] {logging_mixin.py:190} INFO - [2026-08-12T04:47:21.394+0000] {dag.py:4138} INFO - Setting next_dagrun for dataset_consumes_1_and_2 to None, run_after=None
[2026-08-12T04:47:21.398+0000] {logging_mixin.py:190} INFO - [2026-08-12T04:47:21.397+0000] {dag.py:4138} INFO - Setting next_dagrun for dataset_consumes_1_never_scheduled to None, run_after=None
[2026-08-12T04:47:21.400+0000] {logging_mixin.py:190} INFO - [2026-08-12T04:47:21.400+0000] {dag.py:4138} INFO - Setting next_dagrun for dataset_consumes_unknown_never_scheduled to None, run_after=None
[2026-08-12T04:47:21.403+0000] {logging_mixin.py:190} INFO - [2026-08-12T04:47:21.403+0000] {dag.py:4138} INFO - Setting next_dagrun for dataset_produces_1 to 2026-08-11 00:00:00+00:00, run_after=2026-08-12 00:00:00+00:00
[2026-08-12T04:47:21.406+0000] {logging_mixin.py:190} INFO - [2026-08-12T04:47:21.406+0000] {dag.py:4138} INFO - Setting next_dagrun for dataset_produces_2 to None, run_after=None
[2026-08-12T04:47:21.442+0000] {processor.py:208} INFO - Processing /home/airflow/.local/lib/python3.12/site-packages/airflow/example_dags/example_datasets.py took 0.566 seconds
[2026-08-12T04:47:51.548+0000] {processor.py:186} INFO - Started process (PID=1858) to work on /home/airflow/.local/lib/python3.12/site-packages/airflow/example_dags/example_datasets.py
[2026-08-12T04:47:51.550+0000] {processor.py:914} INFO - Processing file /home/airflow/.local/lib/python3.12/site-packages/airflow/example_dags/example_datasets.py for tasks to queue
[2026-08-12T04:47:51.554+0000] {logging_mixin.py:190} INFO - [2026-08-12T04:47:51.554+0000] {dagbag.py:587} INFO - Filling up the DagBag from /home/airflow/.local/lib/python3.12/site-packages/airflow/example_dags/example_datasets.py
[2026-08-12T04:47:51.765+0000] {processor.py:925} INFO - DAG(s) 'conditional_dataset_and_time_based_timetable', 'dataset_consumes_unknown_never_scheduled', 'dataset_consumes_1_and_2', 'dataset_consumes_1_never_scheduled', 'consume_1_or_both_2_and_3_with_dataset_expressions', 'dataset_produces_2', 'dataset_produces_1', 'dataset_consumes_1', 'consume_1_or_2_with_dataset_expressions', 'consume_1_and_2_with_dataset_expressions' retrieved from /home/airflow/.local/lib/python3.12/site-packages/airflow/example_dags/example_datasets.py
[2026-08-12T04:47:51.824+0000] {logging_mixin.py:190} INFO - [2026-08-12T04:47:51.823+0000] {dag.py:3211} INFO - Sync 10 DAGs
[2026-08-12T04:47:52.119+0000] {logging_mixin.py:190} INFO - [2026-08-12T04:47:52.119+0000] {dag.py:4138} INFO - Setting next_dagrun for conditional_dataset_and_time_based_timetable to 2026-08-12 01:00:00+00:00, run_after=2026-08-12 01:00:00+00:00
[2026-08-12T04:47:52.124+0000] {logging_mixin.py:190} INFO - [2026-08-12T04:47:52.123+0000] {dag.py:4138} INFO - Setting next_dagrun for consume_1_and_2_with_dataset_expressions to None, run_after=None
[2026-08-12T04:47:52.128+0000] {logging_mixin.py:190} INFO - [2026-08-12T04:47:52.127+0000] {dag.py:4138} INFO - Setting next_dagrun for consume_1_or_2_with_dataset_expressions to None, run_after=None
[2026-08-12T04:47:52.130+0000] {logging_mixin.py:190} INFO - [2026-08-12T04:47:52.130+0000] {dag.py:4138} INFO - Setting next_dagrun for consume_1_or_both_2_and_3_with_dataset_expressions to None, run_after=None
[2026-08-12T04:47:52.133+0000] {logging_mixin.py:190} INFO - [2026-08-12T04:47:52.133+0000] {dag.py:4138} INFO - Setting next_dagrun for dataset_consumes_1 to None, run_after=None
[2026-08-12T04:47:52.137+0000] {logging_mixin.py:190} INFO - [2026-08-12T04:47:52.136+0000] {dag.py:4138} INFO - Setting next_dagrun for dataset_consumes_1_and_2 to None, run_after=None
[2026-08-12T04:47:52.139+0000] {logging_mixin.py:190} INFO - [2026-08-12T04:47:52.139+0000] {dag.py:4138} INFO - Setting next_dagrun for dataset_consumes_1_never_scheduled to None, run_after=None
[2026-08-12T04:47:52.142+0000] {logging_mixin.py:190} INFO - [2026-08-12T04:47:52.142+0000] {dag.py:4138} INFO - Setting next_dagrun for dataset_consumes_unknown_never_scheduled to None, run_after=None
[2026-08-12T04:47:52.147+0000] {logging_mixin.py:190} INFO - [2026-08-12T04:47:52.146+0000] {dag.py:4138} INFO - Setting next_dagrun for dataset_produces_1 to 2026-08-11 00:00:00+00:00, run_after=2026-08-12 00:00:00+00:00
[2026-08-12T04:47:52.149+0000] {logging_mixin.py:190} INFO - [2026-08-12T04:47:52.149+0000] {dag.py:4138} INFO - Setting next_dagrun for dataset_produces_2 to None, run_after=None
[2026-08-12T04:47:52.198+0000] {processor.py:208} INFO - Processing /home/airflow/.local/lib/python3.12/site-packages/airflow/example_dags/example_datasets.py took 0.661 seconds
[2026-08-12T04:48:22.601+0000] {processor.py:186} INFO - Started process (PID=1923) to work on /home/airflow/.local/lib/python3.12/site-packages/airflow/example_dags/example_datasets.py
[2026-08-12T04:48:22.603+0000] {processor.py:914} INFO - Processing file /home/airflow/.local/lib/python3.12/site-packages/airflow/example_dags/example_datasets.py for tasks to queue
[2026-08-12T04:48:22.606+0000] {logging_mixin.py:190} INFO - [2026-08-12T04:48:22.606+0000] {dagbag.py:587} INFO - Filling up the DagBag from /home/airflow/.local/lib/python3.12/site-packages/airflow/example_dags/example_datasets.py
[2026-08-12T04:48:22.837+0000] {processor.py:925} INFO - DAG(s) 'consume_1_or_both_2_and_3_with_dataset_expressions', 'consume_1_or_2_with_dataset_expressions', 'dataset_consumes_1_never_scheduled', 'dataset_consumes_1', 'dataset_consumes_1_and_2', 'dataset_produces_2', 'conditional_dataset_and_time_based_timetable', 'consume_1_and_2_with_dataset_expressions', 'dataset_produces_1', 'dataset_consumes_unknown_never_scheduled' retrieved from /home/airflow/.local/lib/python3.12/site-packages/airflow/example_dags/example_datasets.py
[2026-08-12T04:48:22.917+0000] {logging_mixin.py:190} INFO - [2026-08-12T04:48:22.916+0000] {dag.py:3211} INFO - Sync 10 DAGs
[2026-08-12T04:48:23.304+0000] {logging_mixin.py:190} INFO - [2026-08-12T04:48:23.304+0000] {dag.py:4138} INFO - Setting next_dagrun for conditional_dataset_and_time_based_timetable to 2026-08-12 01:00:00+00:00, run_after=2026-08-12 01:00:00+00:00
[2026-08-12T04:48:23.311+0000] {logging_mixin.py:190} INFO - [2026-08-12T04:48:23.310+0000] {dag.py:4138} INFO - Setting next_dagrun for consume_1_and_2_with_dataset_expressions to None, run_after=None
[2026-08-12T04:48:23.314+0000] {logging_mixin.py:190} INFO - [2026-08-12T04:48:23.314+0000] {dag.py:4138} INFO - Setting next_dagrun for consume_1_or_2_with_dataset_expressions to None, run_after=None
[2026-08-12T04:48:23.316+0000] {logging_mixin.py:190} INFO - [2026-08-12T04:48:23.316+0000] {dag.py:4138} INFO - Setting next_dagrun for consume_1_or_both_2_and_3_with_dataset_expressions to None, run_after=None
[2026-08-12T04:48:23.319+0000] {logging_mixin.py:190} INFO - [2026-08-12T04:48:23.319+0000] {dag.py:4138} INFO - Setting next_dagrun for dataset_consumes_1 to None, run_after=None
[2026-08-12T04:48:23.321+0000] {logging_mixin.py:190} INFO - [2026-08-12T04:48:23.321+0000] {dag.py:4138} INFO - Setting next_dagrun for dataset_consumes_1_and_2 to None, run_after=None
[2026-08-12T04:48:23.324+0000] {logging_mixin.py:190} INFO - [2026-08-12T04:48:23.324+0000] {dag.py:4138} INFO - Setting next_dagrun for dataset_consumes_1_never_scheduled to None, run_after=None
[2026-08-12T04:48:23.328+0000] {logging_mixin.py:190} INFO - [2026-08-12T04:48:23.328+0000] {dag.py:4138} INFO - Setting next_dagrun for dataset_consumes_unknown_never_scheduled to None, run_after=None
[2026-08-12T04:48:23.332+0000] {logging_mixin.py:190} INFO - [2026-08-12T04:48:23.331+0000] {dag.py:4138} INFO - Setting next_dagrun for dataset_produces_1 to 2026-08-11 00:00:00+00:00, run_after=2026-08-12 00:00:00+00:00
[2026-08-12T04:48:23.334+0000] {logging_mixin.py:190} INFO - [2026-08-12T04:48:23.334+0000] {dag.py:4138} INFO - Setting next_dagrun for dataset_produces_2 to None, run_after=None
[2026-08-12T04:48:23.400+0000] {processor.py:208} INFO - Processing /home/airflow/.local/lib/python3.12/site-packages/airflow/example_dags/example_datasets.py took 0.805 seconds
[2026-08-12T04:48:54.077+0000] {processor.py:186} INFO - Started process (PID=1986) to work on /home/airflow/.local/lib/python3.12/site-packages/airflow/example_dags/example_datasets.py
[2026-08-12T04:48:54.079+0000] {processor.py:914} INFO - Processing file /home/airflow/.local/lib/python3.12/site-packages/airflow/example_dags/example_datasets.py for tasks to queue
[2026-08-12T04:48:54.082+0000] {logging_mixin.py:190} INFO - [2026-08-12T04:48:54.082+0000] {dagbag.py:587} INFO - Filling up the DagBag from /home/airflow/.local/lib/python3.12/site-packages/airflow/example_dags/example_datasets.py
[2026-08-12T04:48:54.311+0000] {processor.py:925} INFO - DAG(s) 'dataset_produces_1', 'dataset_consumes_1', 'conditional_dataset_and_time_based_timetable', 'dataset_produces_2', 'dataset_consumes_unknown_never_scheduled', 'dataset_consumes_1_and_2', 'dataset_consumes_1_never_scheduled', 'consume_1_and_2_with_dataset_expressions', 'consume_1_or_both_2_and_3_with_dataset_expressions', 'consume_1_or_2_with_dataset_expressions' retrieved from /home/airflow/.local/lib/python3.12/site-packages/airflow/example_dags/example_datasets.py
[2026-08-12T04:48:54.396+0000] {logging_mixin.py:190} INFO - [2026-08-12T04:48:54.396+0000] {dag.py:3211} INFO - Sync 10 DAGs
[2026-08-12T04:48:54.670+0000] {logging_mixin.py:190} INFO - [2026-08-12T04:48:54.669+0000] {dag.py:4138} INFO - Setting next_dagrun for conditional_dataset_and_time_based_timetable to 2026-08-12 01:00:00+00:00, run_after=2026-08-12 01:00:00+00:00
[2026-08-12T04:48:54.674+0000] {logging_mixin.py:190} INFO - [2026-08-12T04:48:54.673+0000] {dag.py:4138} INFO - Setting next_dagrun for consume_1_and_2_with_dataset_expressions to None, run_after=None
[2026-08-12T04:48:54.676+0000] {logging_mixin.py:190} INFO - [2026-08-12T04:48:54.675+0000] {dag.py:4138} INFO - Setting next_dagrun for consume_1_or_2_with_dataset_expressions to None, run_after=None
[2026-08-12T04:48:54.679+0000] {logging_mixin.py:190} INFO - [2026-08-12T04:48:54.679+0000] {dag.py:4138} INFO - Setting next_dagrun for consume_1_or_both_2_and_3_with_dataset_expressions to None, run_after=None
[2026-08-12T04:48:54.681+0000] {logging_mixin.py:190} INFO - [2026-08-12T04:48:54.681+0000] {dag.py:4138} INFO - Setting next_dagrun for dataset_consumes_1 to None, run_after=None
[2026-08-12T04:48:54.684+0000] {logging_mixin.py:190} INFO - [2026-08-12T04:48:54.683+0000] {dag.py:4138} INFO - Setting next_dagrun for dataset_consumes_1_and_2 to None, run_after=None
[2026-08-12T04:48:54.686+0000] {logging_mixin.py:190} INFO - [2026-08-12T04:48:54.685+0000] {dag.py:4138} INFO - Setting next_dagrun for dataset_consumes_1_never_scheduled to None, run_after=None
[2026-08-12T04:48:54.687+0000] {logging_mixin.py:190} INFO - [2026-08-12T04:48:54.687+0000] {dag.py:4138} INFO - Setting next_dagrun for dataset_consumes_unknown_never_scheduled to None, run_after=None
[2026-08-12T04:48:54.690+0000] {logging_mixin.py:190} INFO - [2026-08-12T04:48:54.690+0000] {dag.py:4138} INFO - Setting next_dagrun for dataset_produces_1 to 2026-08-11 00:00:00+00:00, run_after=2026-08-12 00:00:00+00:00
[2026-08-12T04:48:54.694+0000] {logging_mixin.py:190} INFO - [2026-08-12T04:48:54.694+0000] {dag.py:4138} INFO - Setting next_dagrun for dataset_produces_2 to None, run_after=None
[2026-08-12T04:48:54.750+0000] {processor.py:208} INFO - Processing /home/airflow/.local/lib/python3.12/site-packages/airflow/example_dags/example_datasets.py took 0.680 seconds
